group,domain,NIR__908.1,NIR__914.294,NIR__920.489,NIR__926.683,NIR__932.877,NIR__939.072,NIR__945.266,NIR__951.46,NIR__957.655,NIR__963.849,NIR__970.044,NIR__976.238,NIR__982.432,NIR__988.627,NIR__994.821,NIR__1001.015,NIR__1007.21,NIR__1013.404,NIR__1019.598,NIR__1025.793,NIR__1031.987,NIR__1038.181,NIR__1044.376,NIR__1050.57,NIR__1056.764,NIR__1062.959,NIR__1069.153,NIR__1075.348,NIR__1081.542,NIR__1087.736,NIR__1093.931,NIR__1100.125,NIR__1106.319,NIR__1112.514,NIR__1118.708,NIR__1124.902,NIR__1131.097,NIR__1137.291,NIR__1143.485,NIR__1149.68,NIR__1155.874,NIR__1162.069,NIR__1168.263,NIR__1174.457,NIR__1180.652,NIR__1186.846,NIR__1193.04,NIR__1199.235,NIR__1205.429,NIR__1211.623,NIR__1217.818,NIR__1224.012,NIR__1230.206,NIR__1236.401,NIR__1242.595,NIR__1248.789,NIR__1254.984,NIR__1261.178,NIR__1267.373,NIR__1273.567,NIR__1279.761,NIR__1285.956,NIR__1292.15,NIR__1298.344,NIR__1304.539,NIR__1310.733,NIR__1316.927,NIR__1323.122,NIR__1329.316,NIR__1335.51,NIR__1341.705,NIR__1347.899,NIR__1354.094,NIR__1360.288,NIR__1366.482,NIR__1372.677,NIR__1378.871,NIR__1385.065,NIR__1391.26,NIR__1397.454,NIR__1403.648,NIR__1409.843,NIR__1416.037,NIR__1422.231,NIR__1428.426,NIR__1434.62,NIR__1440.814,NIR__1447.009,NIR__1453.203,NIR__1459.398,NIR__1465.592,NIR__1471.786,NIR__1477.981,NIR__1484.175,NIR__1490.369,NIR__1496.564,NIR__1502.758,NIR__1508.952,NIR__1515.147,NIR__1521.341,NIR__1527.535,NIR__1533.73,NIR__1539.924,NIR__1546.119,NIR__1552.313,NIR__1558.507,NIR__1564.702,NIR__1570.896,NIR__1577.09,NIR__1583.285,NIR__1589.479,NIR__1595.673,NIR__1601.868,NIR__1608.062,NIR__1614.256,NIR__1620.451,NIR__1626.645,NIR__1632.839,NIR__1639.034,NIR__1645.228,NIR__1651.423,NIR__1657.617,NIR__1663.811,NIR__1670.006,NIR__1676.2,target,acquisitions_averaged,reference_linked_from_source
sample1,X1,0.2666716379310345,0.2649954,0.2628224551724138,0.2616575068965517,0.2496560965517241,0.2391217137931034,0.2338776,0.2277910793103448,0.2270111965517241,0.2239188793103448,0.2255421931034482,0.2252221517241379,0.2287098827586206,0.2287676793103448,0.2274211517241379,0.2293018206896551,0.2305868551724137,0.2332269068965517,0.2339896068965517,0.2300480413793103,0.2340289896551724,0.2295405275862068,0.2302071551724138,0.2300422655172413,0.228859648275862,0.2306020103448276,0.2276240137931034,0.2295375206896552,0.2285553551724138,0.2294752172413793,0.2283246758620689,0.2312765310344827,0.2295520689655172,0.2341793,0.237480948275862,0.2389372517241379,0.2444549896551724,0.2500879206896552,0.2470789275862069,0.2427350551724138,0.2456919206896551,0.2485129896551724,0.255039775862069,0.2582248862068965,0.2617238896551724,0.2645949034482758,0.2624205724137931,0.2584065034482758,0.2543806137931034,0.2542957655172413,0.2527766655172414,0.2489355103448275,0.2460866448275862,0.2452905,0.2446541137931034,0.2469690379310345,0.2474821724137931,0.2488308724137931,0.2492168793103448,0.2486925103448276,0.2493094275862069,0.2493547137931034,0.2492321655172414,0.248988224137931,0.2493117344827586,0.2501393758620689,0.2505342137931034,0.2514965965517241,0.2524275448275861,0.2546630206896552,0.2589910413793103,0.264962572413793,0.2716002034482758,0.2793062793103448,0.2850919413793104,0.2887017896551724,0.2906208034482759,0.2913530620689655,0.291591624137931,0.2912373862068965,0.2896177931034482,0.2892867758620689,0.2903013931034483,0.2926915620689655,0.2970797551724137,0.3013265827586207,0.3068395620689655,0.3160965586206897,0.3287441793103448,0.3439416551724138,0.3620260551724138,0.3806380827586207,0.3983822413793103,0.4153989620689655,0.4296141586206896,0.4401227275862069,0.4464625586206897,0.4492231517241379,0.4496161275862069,0.4488407,0.4482705551724137,0.4490542655172414,0.4494848551724138,0.4524128827586207,0.4581192724137931,0.4673519586206897,0.4782328172413793,0.4864364517241379,0.4924779965517241,0.495406024137931,0.4956187344827586,0.4948028,0.4906718551724138,0.4854636620689655,0.4801232310344828,0.4782050344827586,0.4767383275862069,0.4774156206896551,0.4759060758620689,0.4710785275862069,0.4621695275862069,0.4502262310344828,0.4320012724137931,0.4081806068965517,0.3800032517241379,40.15,1,False
sample1,X2,0.2230007858208955,0.2347325992537313,0.242392823880597,0.2505813671641791,0.2412862626865671,0.2324985985074626,0.2289180895522388,0.2175002283582089,0.2194942917910447,0.2134828731343283,0.2183349014925373,0.2176248425373134,0.2261962298507462,0.2258504522388059,0.2212883649253731,0.2246028343283582,0.2259717029850746,0.2319743052238806,0.2332054149253731,0.2229864335820895,0.2334705798507462,0.2226493895522388,0.2249396044776119,0.2251449156716418,0.2227299291044776,0.2275454492537313,0.2214933440298507,0.2271281052238806,0.2257617276119403,0.228908073880597,0.2262068865671642,0.233620976119403,0.226464969402985,0.2332785410447761,0.2386953537313433,0.2377459343283582,0.2412107253731343,0.2490289388059701,0.2455066917910447,0.2371561731343283,0.2417134895522387,0.2424126641791044,0.2513482410447761,0.2528555059701492,0.2561155156716418,0.261705023880597,0.2599172992537313,0.2561535089552239,0.2512894947761194,0.2537416044776119,0.2532483395522388,0.2488838194029851,0.2469748298507462,0.2476189962686567,0.2462303701492537,0.2506784656716418,0.2495734970149253,0.251036373880597,0.2510717649253731,0.2490778940298507,0.2502640089552239,0.2500797701492537,0.2490442365671641,0.2468380843283582,0.2460857574626865,0.2461753768656716,0.2457555485074627,0.2467378149253731,0.2463992052238806,0.2482075395522388,0.253301795522388,0.2598265902985074,0.2656575052238806,0.2742183723880597,0.2801893328358208,0.2839483201492537,0.2866875104477612,0.2883834126865671,0.2901433649253731,0.2905005335820895,0.2886952850746269,0.2887243828358208,0.2912683529850746,0.2946484552238805,0.3003142276119402,0.3048857626865672,0.3102348783582089,0.3201656529850746,0.3335917783582089,0.3488103507462686,0.3676785186567164,0.3866172940298507,0.4040572425373134,0.4212541626865672,0.4343152365671641,0.4437762470149254,0.4498539253731343,0.452615395522388,0.4526735373134328,0.4503116589552238,0.4487101649253731,0.4496932679104478,0.4488819,0.4511190679104477,0.4560929828358209,0.4651584813432836,0.4760742783582089,0.4826917514925373,0.4881285567164178,0.490327671641791,0.4888191417910448,0.4881409820895522,0.4832100014925373,0.4773237559701492,0.4710035097014925,0.4704534917910448,0.4675990320895522,0.4681584104477612,0.4652913388059702,0.4604800768656716,0.449160445522388,0.4335916895522388,0.4079721134328358,0.3741869029850746,0.3302295388059701,40.15,1,False
sample1,X3,0.2984727789473684,0.256708547368421,0.2241273,0.1919646157894736,0.1738688894736842,0.1575197894736842,0.1475650578947368,0.1497988526315789,0.1406407263157894,0.1428217368421052,0.1354346157894737,0.1358123526315789,0.1276057789473684,0.1297947210526315,0.1357389631578947,0.1347355052631579,0.1357373368421052,0.1303988578947368,0.1295013105263157,0.1390301105263157,0.1271524526315789,0.1367631105263158,0.1332472210526315,0.1320646,0.1341700842105263,0.1299587631578947,0.1349652210526316,0.1295888526315789,0.1310983789473684,0.1283298263157894,0.1315301684210526,0.1249951631578947,0.1352840578947368,0.1346560578947368,0.1323956421052631,0.1373654894736842,0.1459127999999999,0.1443281526315789,0.1405479631578947,0.1431737684210526,0.1414126947368421,0.1482603210526315,0.1488108736842105,0.1553243105263158,0.1597183315789473,0.1579010210526315,0.1565904736842105,0.1547428789473684,0.1556852,0.1526124684210526,0.1505557894736842,0.1506099789473684,0.1484381789473684,0.1455216631578947,0.1474031315789473,0.1451349526315789,0.1486983578947368,0.1489774631578947,0.1488858368421052,0.1493597315789473,0.1465899947368421,0.1446681578947368,0.1444311157894736,0.1458847947368421,0.1468190421052631,0.1468331736842105,0.1471723947368421,0.1468841157894737,0.1494717157894736,0.1523341894736842,0.1549908210526316,0.1598751578947368,0.1686977894736842,0.1747777684210526,0.1810148842105263,0.1859056631578947,0.1880318736842105,0.1883803789473684,0.1875473947368421,0.1868873157894736,0.1881722263157894,0.1884902947368421,0.1883542105263157,0.1906727631578947,0.1938236947368421,0.1984935789473684,0.2054376684210526,0.2140578052631579,0.2256731894736842,0.2413776526315789,0.2578156526315789,0.2751664947368421,0.2927145210526315,0.3080325105263157,0.3228152052631579,0.3335296368421052,0.3386089526315789,0.3399355789473684,0.340518947368421,0.3417035684210526,0.3424394578947368,0.3411142315789474,0.3434006631578947,0.3463009578947368,0.3523562210526316,0.3607217789473684,0.3699401631578947,0.3800417263157895,0.3857230631578947,0.3893387842105263,0.3916062736842105,0.3893395052631579,0.3864132684210526,0.3824478210526316,0.380339252631579,0.3755840789473684,0.3768301263157894,0.3783608210526316,0.3801821526315789,0.3777857631578947,0.3779113684210526,0.3816755315789473,0.3926989052631578,0.4072340157894737,0.4317180578947368,40.15,1,False
sample1,X4,0.2433122342541436,0.2169165917127071,0.1953378563535911,0.1742907469613259,0.1590865232044199,0.1444074900552486,0.1348845486187845,0.1319656270718232,0.1257793187845304,0.1249081011049723,0.1208847011049723,0.1208191016574585,0.1174436259668508,0.119138732596685,0.1223215613259668,0.1227868099447513,0.1238670546961326,0.1218587182320442,0.1216084872928176,0.1253578110497237,0.119653697237569,0.1233567016574585,0.1214224828729281,0.1204521464088397,0.1214424033149171,0.1199793674033149,0.1220002209944751,0.1200529861878453,0.1210957651933701,0.1203948469613259,0.1222138679558011,0.1198644574585635,0.1252022508287293,0.1268513685082873,0.1265623751381215,0.129587579558011,0.1362432900552486,0.1367311779005525,0.1327035839779005,0.1317052961325966,0.1313036127071823,0.1357916983425414,0.1385425121546961,0.1437769430939226,0.1479837773480663,0.1483124983425414,0.1474661723756906,0.1457691674033149,0.1459348535911602,0.1449820624309392,0.1443131944751381,0.1438852154696132,0.1423826303867403,0.1411341718232044,0.1423642596685083,0.1421202193370165,0.1444012966850828,0.1450187226519337,0.1447142961325967,0.1441391425414364,0.1418312370165745,0.1397781696132596,0.1385509033149171,0.1384952734806629,0.1382563563535911,0.1376100071823204,0.1371353762430939,0.1366388839779005,0.1379901187845304,0.1404549629834254,0.1435953475138121,0.1488308928176795,0.1566712734806629,0.1635764232044199,0.1699965011049723,0.1749014784530387,0.1776100314917127,0.1789860116022099,0.1792926563535911,0.1794502922651933,0.1805387646408839,0.1814774988950276,0.1826355491712707,0.1860187994475138,0.1904265187845303,0.1956181513812154,0.202586232596685,0.211982097237569,0.2244612729281768,0.2402824718232044,0.2574870845303867,0.2752352856353591,0.2925254486187845,0.3079625563535911,0.3216960497237569,0.3314406508287292,0.3362641591160221,0.3376117950276243,0.3377874033149171,0.3378306878453038,0.3376338,0.3366690464088397,0.3376873011049723,0.3401401486187845,0.3455431447513812,0.3537297541436464,0.3629576,0.3714874729281767,0.3765681082872928,0.3792246099447514,0.3800761773480663,0.3777413784530387,0.3740089839779005,0.3693601558011049,0.3657818419889503,0.3623556027624309,0.3623370972375691,0.3635892674033149,0.3643226861878452,0.3614271364640884,0.3594384983425414,0.3593349558011049,0.3625433165745856,0.3662625149171271,0.3729023292817679,40.15,1,False
sample2,X1,0.2453350875,0.2486016875,0.25066041875,0.2528614875,0.244592375,0.236566425,0.23327253125,0.22816510625,0.22840839375,0.2260121,0.2289345625,0.2295933375,0.23384595,0.2339668625,0.23173755625,0.2325593,0.2326318875,0.23412794375,0.23405871875,0.2293175375,0.23315229375,0.2283120625,0.2290755125,0.2291083625,0.227997625,0.22999028125,0.22706354375,0.228979,0.2279271875,0.2287652624999999,0.22739355625,0.23031863125,0.228039025,0.23221635625,0.23522071875,0.23615756875,0.2405072,0.24534239375,0.242663575,0.23808969375,0.239744275,0.2406698625,0.24506903125,0.2465404,0.24882170625,0.25206741875,0.25277325625,0.2532436,0.2534717,0.2558513125,0.25644386875,0.2549616125,0.253041,0.25143714375,0.24868190625,0.24893115625,0.24729680625,0.24711256875,0.24665756875,0.24517115625,0.2451456375,0.2445898,0.24384549375,0.2430384125,0.24312016875,0.2436979375,0.2442512,0.2456317625,0.2468727875,0.2493918749999999,0.253918175,0.2597489875,0.26584791875,0.272921475,0.27804554375,0.28137625,0.2835958125,0.28535484375,0.28818683125,0.29268574375,0.29846525,0.3077300125,0.32034213125,0.3330763,0.3443190375,0.35195169375,0.35700264375,0.361555125,0.3657337375,0.36961300625,0.37452576875,0.3789475,0.38219241875,0.3845518375,0.38533268125,0.38564031875,0.3860469125,0.3867976625,0.3869801125,0.3865962,0.38625818125,0.38702263125,0.38702349375,0.38759911875,0.3886660375,0.39072995625,0.39257478125,0.39280164375,0.39284665625,0.392709625,0.39177969375,0.39138708125,0.38966078125,0.38771013125,0.3855791,0.38599543125,0.3867411625,0.39039541875,0.3916697125,0.389435525,0.38276380625,0.3729946,0.3569231375,0.33477734375,0.307310375,39.93,1,False
sample2,X2,0.1982083271428571,0.2152990557142857,0.22805086,0.2400326578571428,0.2351217207142857,0.2294196642857142,0.2283726421428571,0.2170841942857143,0.2206557178571428,0.2148955307142857,0.2213408321428571,0.2215219207142857,0.2314166264285714,0.2309191035714285,0.2252123178571428,0.2277574821428571,0.2279202314285714,0.2335449221428571,0.2341850671428571,0.2224157278571428,0.2336612421428571,0.2216580935714285,0.2241608264285714,0.2244890392857143,0.2218529978571428,0.2270341978571428,0.2204899335714285,0.226488145,0.2248511171428571,0.2282157107142857,0.2251747357142857,0.2332396135714285,0.22506079,0.2319411578571428,0.2375958914285714,0.2360577357142857,0.2384188614285714,0.2457485635714286,0.2425175564285714,0.2334562214285714,0.2365868185714285,0.2349294628571428,0.2417983671428571,0.2412000592857142,0.2430444414285714,0.2488204385714285,0.2496408357142857,0.2500927242857143,0.2492712192857143,0.2541266592857143,0.256198905,0.2538916457142857,0.2531613935714286,0.2533682121428571,0.2501731592857142,0.2530348821428571,0.2499386621428571,0.2502737585714286,0.2497639557142857,0.2470092264285714,0.247900985,0.2473088892857142,0.2456984599999999,0.2428726735714285,0.2416585392857142,0.2414709657142857,0.2409944578571428,0.2421675857142857,0.2417208528571428,0.24346931,0.2485254557142857,0.2547247185714285,0.2596846257142857,0.2674238028571428,0.2723693785714285,0.2754954807142857,0.2782487542857143,0.2806710671428571,0.2846891735714285,0.2900230614285714,0.2951028971428571,0.3045653521428571,0.319093645,0.333153575,0.3460258092857143,0.3538315092857143,0.3584663957142857,0.3635810321428571,0.3683662078571428,0.3721241592857143,0.3779128078571429,0.3826222964285714,0.3857769892857143,0.3884471785714286,0.3885802114285714,0.3884090121428571,0.3888376192857143,0.3900368864285714,0.3899995671428571,0.38823092,0.3869582542857143,0.3880265342857142,0.3867348221428571,0.3866807942857143,0.3869775607142857,0.3888608592857143,0.3908796192857143,0.38976685,0.3893785607142857,0.3886825285714286,0.3863660007142857,0.386048025,0.3835249964285714,0.3809135992857143,0.3773932221428571,0.378909485,0.3784174635714286,0.3816294692857143,0.3818476821428571,0.3792885207142857,0.3701059878571428,0.3566181142857142,0.3331682121428571,0.3007934864285714,0.2568466771428571,39.93,1,False
sample2,X3,0.3259882923076923,0.2875085615384615,0.2578005461538461,0.2285342692307692,0.2130522,0.1976796538461538,0.1882630538461538,0.1916935076923077,0.1827085,0.1855928615384615,0.178571223076923,0.1797272846153846,0.1713065153846154,0.1733525307692307,0.1789823076923076,0.1765362769230769,0.1761319615384615,0.1691817615384615,0.1673863461538461,0.1766797,0.1638625,0.1739043615384615,0.1701750076923076,0.169056123076923,0.1714251692307692,0.1671466923076923,0.1724398692307692,0.1666120538461538,0.168027023076923,0.1648833461538461,0.1679933923076923,0.1606529846153846,0.1708395,0.1691296461538461,0.1660787307692307,0.1705353461538461,0.1776827615384615,0.1750725,0.1716562538461538,0.1743235307692307,0.170833623076923,0.1758886461538461,0.1742027615384615,0.1792020615384615,0.182481523076923,0.1809650153846153,0.1825643692307692,0.1852490692307692,0.1906182692307692,0.1895341692307692,0.1899154846153846,0.1921839461538461,0.1905785615384615,0.1864713615384615,0.1864382307692307,0.1816244538461538,0.1830722153846154,0.181866123076923,0.1804855461538461,0.1800371153846153,0.1763241076923077,0.1734453769230769,0.1723031307692307,0.1733199076923077,0.1736326769230769,0.1732871846153846,0.1736191769230769,0.1735160615384615,0.1763125692307692,0.1793195615384615,0.1820412692307692,0.1868931692307692,0.1956344461538461,0.2014562692307692,0.2074144076923077,0.212379223076923,0.2147910461538461,0.216277523076923,0.2179605615384615,0.221967823076923,0.2312002846153846,0.2423272692307692,0.2547687307692307,0.268743323076923,0.2799729538461538,0.2894275076923077,0.2968674692307692,0.3013035846153846,0.3053496769230769,0.3108796615384615,0.3151521153846154,0.3195758230769231,0.3233829538461539,0.3250818923076923,0.3270549384615385,0.3278143076923077,0.3276509615384615,0.3269908384615385,0.3273020153846154,0.3287345230769231,0.3294391461538462,0.3282302538461538,0.3296464692307692,0.3303404846153845,0.3319941076923077,0.3335575615384615,0.334456923076923,0.3364362384615385,0.3364809307692307,0.3363334307692308,0.3374113846153846,0.3356957461538462,0.3346027,0.3333606,0.3338627538461539,0.3314515076923077,0.3354725846153846,0.3406070692307692,0.3451863461538461,0.3453391769230769,0.3473978692307692,0.3522898923076923,0.3638645153846154,0.3791166,0.4023029999999999,39.93,1,False
sample2,X4,0.2695389960526316,0.2486217513157894,0.2312992480263158,0.2141843618421053,0.2019523993421052,0.1897074868421052,0.1816817394736842,0.1789592138157894,0.1738121934210526,0.1729957815789473,0.1700336236842105,0.1704749125,0.167938847368421,0.168941575,0.1709522526315789,0.1702813289473684,0.170056172368421,0.1673284453947368,0.1662919171052631,0.1686824730263158,0.1634778927631578,0.1662510499999999,0.1643942394736842,0.163413534868421,0.1641589519736842,0.1628971756578947,0.1643014894736842,0.1624054375,0.1630226578947368,0.1622488868421052,0.1636461434210526,0.1615830618421052,0.1658039125,0.1670885986842105,0.1668228802631579,0.1692885506578947,0.1745366776315789,0.1747531296052631,0.1711811618421052,0.1695817690789473,0.1675374052631578,0.1697251960526316,0.1703756934210526,0.1732801657894737,0.1757833578947368,0.1764837131578947,0.1779760217105263,0.1801859921052631,0.1837827368421052,0.185275975,0.186782809868421,0.1882817552631579,0.1875212717105263,0.1856440480263158,0.1850867736842105,0.1830278657894737,0.1833544355263158,0.1828826980263158,0.1819063901315789,0.1807691565789473,0.1781032144736842,0.1756249013157894,0.1738543657894737,0.1731686256578947,0.1724360447368421,0.1714230263157894,0.1708024914473684,0.170366784868421,0.1714877236842105,0.1736719802631579,0.1766530355263157,0.1816059328947368,0.1888085684210526,0.1951514026315789,0.2007875565789473,0.2050947776315789,0.2076185631578947,0.2095273164473684,0.2120925467105263,0.2167988289473684,0.2250627026315789,0.2365121217105263,0.25075405,0.2660644710526316,0.2788896684210526,0.2885747842105263,0.2955432296052631,0.3006155519736842,0.3053530835526316,0.3107298276315789,0.3159367263157894,0.3209162684210526,0.3248525118421053,0.3271167447368421,0.3285062019736842,0.32901135,0.3290691065789474,0.3289380434210526,0.3291411467105263,0.3293993480263158,0.3292758092105263,0.3285394046052631,0.3287365203947368,0.328870947368421,0.3298222289473684,0.3313385072368421,0.3324374592105263,0.3330557927631579,0.3326253651315789,0.3319568802631579,0.3315290467105263,0.3298816756578947,0.3280032256578947,0.3259660717105263,0.3247899480263158,0.3236270355263158,0.3261240769736842,0.3309330559210526,0.3342214388157895,0.3340350065789474,0.3335084671052631,0.3344382842105263,0.3382116526315789,0.3425380986842105,0.3472165717105263,39.93,1,False
sample3,X1,0.33971993125,0.3415078875,0.34187143125,0.34280531875,0.3316550625,0.3223387125,0.3180628,0.3110955,0.31126486875,0.3076842,0.31030713125,0.30992851875,0.3146336375,0.314418725,0.3121033187499999,0.31374866875,0.31430779375,0.31701035625,0.3175035875,0.3118728625,0.31718114375,0.3114066875,0.31277303125,0.31300915625,0.31169045625,0.314314875,0.31091938125,0.3138247375,0.3128992,0.314420875,0.31318730625,0.3174663375,0.31549355625,0.3218752375,0.3262762125,0.32790274375,0.33422419375,0.34033221875,0.335592875,0.328117225,0.3295533375,0.3305920625,0.3363335375,0.33781071875,0.33966225,0.341124125,0.3383133375,0.334442775,0.33088110625,0.33174961875,0.33103369375,0.32794204375,0.32557328125,0.32488803125,0.32379644375,0.32623016875,0.32613753125,0.32726145,0.327298075,0.32633393125,0.32729086875,0.32773861875,0.328002475,0.32793025,0.32837723125,0.32917195,0.329285225,0.33003205625,0.33035425,0.3319726375,0.33585994375,0.34110835,0.3463483125,0.35261304375,0.3572351875,0.36067729375,0.3630253125,0.36416829375,0.365118575,0.3651157125,0.36319925,0.3622556375,0.3622462,0.36299135625,0.36550200625,0.36733125,0.3696923625,0.3751511875,0.38331014375,0.39327168125,0.4058867125,0.4189822375,0.431430775,0.443888775,0.4544776875,0.4631451,0.4697299125,0.4744357375,0.4772053125,0.47824775625,0.4789141,0.48081978125,0.4818614875,0.484928825,0.490253375,0.49853660625,0.50776506875,0.51397198125,0.51870015625,0.52142881875,0.52244474375,0.52354605,0.52260195,0.520933175,0.5189558937500001,0.5209361625,0.5229297875,0.52816270625,0.5301222125,0.52823196875,0.5207972249999999,0.509901575,0.4920991875,0.4682445625,0.43820024375,59.66,1,False
sample3,X2,0.2853950170212766,0.3036552382978723,0.3158416907801418,0.3275916510638298,0.3194499595744681,0.3138046361702128,0.3129757957446809,0.2980582971631206,0.3021843723404255,0.2940662255319148,0.3009984368794326,0.2999452489361702,0.3118166730496454,0.3105279709219858,0.3037240134751773,0.3076241879432624,0.308573895035461,0.3165623368794326,0.3181757510638298,0.3038460964539007,0.3187056276595745,0.3037461269503546,0.3072171205673759,0.3075827219858156,0.3041573815602837,0.3105605312056737,0.3022912333333333,0.310076834751773,0.3081591872340425,0.3128528113475177,0.3094722475177305,0.3206217617021277,0.3109849794326241,0.3211796680851064,0.3293849971631205,0.3281779482269503,0.3321564304964539,0.3421059510638298,0.3369286921985815,0.3238812730496453,0.3275898936170212,0.3251539503546099,0.334006775177305,0.3325110489361702,0.3334960510638298,0.3378442709219858,0.3347879702127659,0.3304330531914893,0.3248764900709219,0.3288349340425532,0.3291637021276595,0.3250928234042553,0.3241686432624113,0.3257626524822695,0.3240678290780142,0.3300739319148936,0.3283911418439716,0.330434554609929,0.3307241936170212,0.3286519120567376,0.3312383744680851,0.3319573631205674,0.3314879957446808,0.3291366794326241,0.3283311028368794,0.3282760014184397,0.327291195035461,0.3278672255319149,0.3260374865248227,0.3269406014184397,0.3312463035460993,0.3368038858156028,0.3402847482269504,0.3470510439716312,0.3512295517730496,0.3540567156028369,0.3569510567375886,0.3588765765957447,0.3613778191489362,0.3620118191489361,0.3593453283687943,0.358766819858156,0.360491095035461,0.3624806269503546,0.3667240404255319,0.3689142340425532,0.3711085290780141,0.377530770212766,0.3868335765957447,0.3969459744680851,0.4107770886524823,0.424603909929078,0.437037980141844,0.4502309205673758,0.4599763496453901,0.4680244127659574,0.474845069503546,0.4802984312056738,0.4826698758865249,0.4825504921985816,0.4820125617021276,0.4844664184397163,0.4840652829787234,0.4866160687943262,0.4911341021276595,0.4993364297872341,0.5086911531914894,0.5130657858156028,0.5172191624113475,0.5191003787234043,0.5179746624113475,0.5193103290780141,0.5172812638297872,0.5146966489361702,0.5107610035460993,0.514170439716312,0.5143090985815604,0.5190781645390071,0.5195725574468085,0.517589539716312,0.5070956531914894,0.4920491212765957,0.4660490808510638,0.4318524751773049,0.3845315638297872,59.66,1,False
sample3,X3,0.37225343125,0.3278288,0.29378983125,0.26028629375,0.24229836875,0.2243015875,0.2129939875,0.2160195875,0.20590973125,0.20855913125,0.20022363125,0.20067939375,0.19129953125,0.1931979,0.199699575,0.19765803125,0.19806189375,0.191359225,0.1899348625,0.20051278125,0.1870673625,0.1983410125,0.19471910625,0.19366018125,0.1963874875,0.19171179375,0.19771265,0.19166246875,0.19350905,0.1904411125,0.19438750625,0.18721483125,0.19978360625,0.19992148125,0.1978824125,0.2040384,0.2146912249999999,0.21261555625,0.20682018125,0.207906675,0.2037707,0.2099827375,0.2089567625,0.21482285625,0.2176782875,0.21392799375,0.21152708125,0.20973086875,0.21141635,0.208320575,0.2069104625,0.20782295625,0.20576455,0.20245665625,0.2043721875,0.2014972875,0.2052264,0.20536145,0.2050399,0.2055248875,0.202638425,0.2010891,0.2012288875,0.2034095375,0.20467483125,0.20461951875,0.2047693875,0.2040099125,0.20649628125,0.20882750625,0.2108460625,0.2151597,0.22357279375,0.22844940625,0.23387145,0.23907924375,0.24154338125,0.2420875875,0.2414789125,0.24099951875,0.24221496875,0.241801175,0.2406604,0.24144613125,0.24295223125,0.245871525,0.25076439375,0.25678925625,0.2654903249999999,0.2782173625,0.29149765625,0.30574235625,0.32044140625,0.33325728125,0.34643016875,0.3566679375,0.36283386875,0.36621109375,0.3692479875,0.37278144375,0.3746449,0.37419291875,0.3774530375,0.38085700625,0.38729135,0.3956425625,0.40416191875,0.4133462499999999,0.4182353625,0.4217662875,0.42485198125,0.42444759375,0.42407736875,0.422895225,0.424033675,0.42172835625,0.42728623125,0.43339039375,0.43870601875,0.4385971875,0.44079485,0.44607416875,0.45917966875,0.47547564375,0.50090858125,59.66,1,False
sample3,X4,0.3169883140939597,0.2907918422818792,0.2692182583892617,0.2482665617449664,0.2332020563758389,0.2179429865771812,0.2078686630872483,0.2045713973154362,0.1980996691275167,0.1968741610738255,0.1925931127516778,0.1923559174496644,0.1887518899328858,0.1900586489932886,0.1929025503355704,0.1927412805369127,0.1932598691275167,0.1906620315436241,0.1899979832214765,0.1935573805369127,0.1877013234899328,0.1916450382550335,0.1898850832214764,0.1890376335570469,0.1901102429530201,0.1886427100671141,0.1908282597315436,0.1888700617449664,0.1900064020134228,0.1894993791946309,0.1916989046979865,0.1898188805369127,0.1961963939597315,0.1994616248322147,0.1999876308724832,0.2039357765100671,0.212333065771812,0.2129910389261745,0.2071465503355704,0.2036540583892617,0.2009467852348993,0.2042312523489932,0.2057474979865771,0.2096528825503355,0.2120169684563758,0.2106310281879194,0.2084089691275167,0.2063692053691275,0.206820710067114,0.2062086624161073,0.2061372422818791,0.2064120986577181,0.2052597322147651,0.2040774791946308,0.2053328979865771,0.2051683986577181,0.2075488302013423,0.2083582973154362,0.2080589677852349,0.2075731308724832,0.205587022147651,0.2040449651006711,0.2033527610738255,0.2036748724832214,0.2036238516778523,0.2028915597315436,0.2020223651006711,0.2008642375838926,0.2017173530201342,0.203433965771812,0.2058282677852349,0.2103430610738255,0.2172539617449664,0.2228838630872483,0.2283194953020134,0.233151355033557,0.2360503597315436,0.2375516791946308,0.2381105711409396,0.2384031570469798,0.2391895436241611,0.239260866442953,0.2393929476510067,0.2413805080536912,0.2442628953020134,0.24771342147651,0.2525234463087248,0.2594000315436242,0.269104122818792,0.2819599704697986,0.2962044,0.3110565436241611,0.3256804302013423,0.3389858409395972,0.3513251536912751,0.3609086248322147,0.3671363214765101,0.3709208275167785,0.373696443624161,0.3759431738255033,0.3769230147651006,0.3769808751677852,0.3789056026845637,0.3818533369127517,0.3876058020134228,0.3958424798657718,0.4045273939597315,0.4120476912751677,0.4163929006711409,0.4190526724832215,0.4205099375838926,0.4201131214765101,0.4186981637583892,0.4167654731543624,0.4160439382550335,0.4151877590604027,0.4190040456375839,0.4247081691275168,0.4285757516778523,0.4281717073825503,0.4275135161073825,0.4284704140939597,0.4329498181208053,0.4376639026845638,0.443494598657718,59.66,1,False
sample4,X1,0.25493424,0.2567536066666667,0.2576232066666666,0.25900536,0.24924852,0.2401414466666666,0.2357195133333333,0.23020802,0.2301529666666666,0.2273285933333333,0.2298210799999999,0.23015036,0.23425552,0.2342274266666666,0.2320719666666666,0.2328048866666666,0.2328966733333333,0.2343957933333333,0.2342757866666666,0.2294458933333333,0.2335169066666666,0.2290350733333333,0.23009662,0.23042836,0.2295359266666666,0.2317052066666666,0.2288731733333333,0.23098042,0.2300662333333333,0.23117334,0.2301595466666666,0.2337438666666666,0.23277434,0.2390436266666666,0.24316718,0.2452777266666666,0.2521147066666666,0.25772552,0.2529068733333333,0.2456016266666666,0.24602688,0.2466223066666666,0.25102952,0.2520488866666667,0.25341832,0.2549068333333333,0.25380254,0.2531432133333333,0.2531804133333333,0.2555858466666666,0.2557771866666666,0.2536777066666666,0.2510689933333333,0.24925202,0.2467437333333333,0.2475452533333333,0.2465385733333333,0.24691398,0.2466681266666666,0.2455765466666666,0.2461662933333333,0.2463993666666666,0.2465788133333333,0.2466711,0.2472391266666666,0.2481048,0.2484399,0.2493430999999999,0.2501008066666667,0.2520743666666666,0.2560763133333333,0.2614766599999999,0.26700994,0.2731276333333333,0.2776571,0.2812700733333333,0.2840203333333333,0.2860396333333333,0.2887023666666666,0.2919313333333333,0.2951978066666667,0.3009521733333333,0.3096469466666666,0.3185155866666667,0.3264546133333333,0.3314981466666667,0.3345356666666667,0.33746092,0.3403560733333333,0.34314674,0.3470824533333333,0.3507196066666667,0.3534800066666667,0.3560103733333333,0.35773254,0.3599163266666667,0.3631828133333333,0.3673354666666666,0.3709947066666667,0.3732466666666666,0.3748568399999999,0.3770971266666666,0.3783890133333333,0.3803820466666667,0.3832452133333333,0.3874440466666666,0.3912354733333333,0.3926917333333333,0.3936992866666667,0.3946025866666666,0.3953439733333333,0.39723354,0.39820538,0.3990065933333333,0.3993405066666666,0.4031778399999999,0.4074889933333333,0.4151200133333333,0.4192054066666666,0.4192044066666666,0.41351806,0.4048546799999999,0.3899086066666666,0.36858502,0.3408214266666666,60.03,1,False
sample4,X2,0.206388554609929,0.2228276262411347,0.2347709021276595,0.2463407687943262,0.2399787751773049,0.2334627134751773,0.2315428212765957,0.2192877836879432,0.2225073170212766,0.216079144680851,0.2223191929078014,0.221936019858156,0.2320062992907801,0.2312922517730496,0.2254390978723404,0.2280065858156028,0.2282389290780141,0.2341415127659574,0.2348173028368794,0.222820154609929,0.2347153283687943,0.2225467943262411,0.2255330375886524,0.2260064751773049,0.2234299801418439,0.2288233482269503,0.2221047539007092,0.2284020368794326,0.2267796063829787,0.2304820680851063,0.2277130226950354,0.2367914836879432,0.2295951751773049,0.2388447631205674,0.2460010666666666,0.2455942531914893,0.2502612361702128,0.2588371723404255,0.2534695652482269,0.241416504964539,0.2434495234042553,0.2413054375886524,0.2482937765957446,0.2470164014184397,0.2479224673758865,0.251958104964539,0.2508829744680851,0.2500246617021276,0.2487048163120567,0.2536636609929078,0.2552960638297872,0.2522828177304964,0.250861224822695,0.2509638184397163,0.2480812276595744,0.2517075333333333,0.249278629787234,0.2502591517730496,0.2500572390070922,0.247814404964539,0.2495369106382979,0.2497948673758865,0.2491706212765957,0.2471725390070922,0.2465508574468085,0.2465634262411347,0.2458683808510638,0.2465635730496453,0.2455106177304964,0.2467631468085106,0.2512218106382979,0.2569619780141844,0.2611795085106383,0.2679137007092198,0.27226064964539,0.2755068333333333,0.2788120609929078,0.2815444510638298,0.2854644,0.2895389439716312,0.2920819829787234,0.297911804964539,0.3085217092198581,0.318618229787234,0.3281767078014184,0.3333729063829787,0.3360654198581561,0.339579124822695,0.3431131858156028,0.3458139716312057,0.3506116021276595,0.354576395035461,0.3572243787234042,0.3602265092198581,0.3613560531914893,0.3631208751773049,0.3665594985815603,0.3713455539007091,0.3747146524822695,0.3756857929078014,0.3761800411347518,0.3787523156028369,0.3787671673758865,0.3802623957446808,0.3824077879432624,0.3865142014184397,0.3901757602836879,0.3904046304964538,0.3909709255319148,0.3913657985815603,0.3905655971631205,0.3924825900709219,0.3927501269503546,0.3929728808510638,0.3916210787234043,0.3966645283687943,0.3994842815602837,0.4068049170212766,0.4096027553191489,0.4093997780141843,0.4010109879432624,0.3884764156028368,0.3658558234042553,0.3341114184397163,0.2892966645390071,60.03,1,False
sample4,X3,0.3126211727272727,0.2734018181818181,0.2431246363636363,0.2129316272727272,0.1967091818181818,0.1808580181818181,0.1709427454545454,0.1738182090909091,0.1647792909090909,0.1672895363636364,0.1602428454545454,0.1612324181818182,0.1530925090909091,0.1550176181818181,0.1606534909090909,0.1583193636363636,0.1579483636363636,0.1514009545454545,0.1496869909090909,0.1587080545454545,0.1464671363636363,0.1565094363636363,0.1533522363636363,0.1523406272727272,0.1549407545454545,0.1507691363636363,0.1561728363636363,0.1506073909090909,0.1520833909090909,0.1493180727272727,0.1527144727272727,0.146251409090909,0.1575658545454545,0.1580604272727272,0.1564702181818181,0.1620838727272727,0.1721831272727272,0.1703974454545454,0.1647626636363636,0.1650945818181818,0.1606127,0.1655731909090909,0.1640380818181818,0.168770909090909,0.1710347909090909,0.1680063272727272,0.1680670909090909,0.1695235636363636,0.1744370818181818,0.1733239636363636,0.1734636181818181,0.1750062545454545,0.1729565090909091,0.1687694818181818,0.1690332727272727,0.1648886909090909,0.1669974545454545,0.1663475727272727,0.1653609909090909,0.1653737454545454,0.1623981,0.1605563545454545,0.1605124727272727,0.1622686181818181,0.1634514272727272,0.1634687909090909,0.1638072090909091,0.1634637545454545,0.1660135909090909,0.1687171272727272,0.1711572636363636,0.1757139636363636,0.1839475090909091,0.1888132636363636,0.1940409636363636,0.1992591818181818,0.2021496090909091,0.2039269272727272,0.2054495272727272,0.2083062909090909,0.2149404727272727,0.2221769636363636,0.2299959,0.2392691727272727,0.2465551181818181,0.2529206181818181,0.2579842363636364,0.2606909363636363,0.2632676363636363,0.2674017272727272,0.2705124818181818,0.2738775090909091,0.2771086181818182,0.2787795818181818,0.2816044090909091,0.2842422636363637,0.2868687454545454,0.289536809090909,0.2932934272727273,0.2975851363636363,0.2998695363636364,0.3001474818181818,0.3031119363636363,0.3052406636363636,0.3086144181818182,0.3122789727272727,0.315127,0.3183601181818182,0.3193555818181818,0.3204802181818182,0.3232697454545454,0.3240861,0.3258879181818181,0.3275567909090909,0.3308993545454545,0.3315330363636363,0.3394126909090909,0.3482865,0.3560208181818182,0.3580530909090909,0.3614071272727273,0.3679649909090909,0.3816248909090909,0.3982805181818181,0.4222170545454545,60.03,1,False
sample4,X4,0.2542328670807453,0.2333607881987577,0.2157659217391304,0.198690800621118,0.1858763720496894,0.1732214639751552,0.1647141304347826,0.1611814062111801,0.155944554037267,0.1547615732919254,0.1519210167701863,0.1520859770186335,0.1499043068322981,0.1508307167701863,0.1524329807453416,0.1518978304347826,0.1517858155279503,0.1494492683229813,0.1486607322981366,0.1506578149068323,0.1464716484472049,0.14905890310559,0.1479113894409938,0.147296800621118,0.1480804360248447,0.1471633788819875,0.1483693981366459,0.146922803726708,0.1474323142857143,0.1469960180124223,0.1484699409937888,0.1473819478260869,0.1523068838509317,0.1559695093167701,0.1571398795031056,0.1608063913043478,0.1687831192546584,0.170081851552795,0.1646403869565217,0.160569852173913,0.1576621211180124,0.1597711472049689,0.1607660347826087,0.1634046459627329,0.165062201242236,0.1643309739130434,0.1640725745341615,0.16503200310559,0.1679821993788819,0.1695470813664596,0.1706805956521739,0.1713215695652173,0.1700319378881987,0.1680156378881987,0.1677151571428571,0.1665512447204969,0.1674130372670807,0.1676074465838509,0.1670792925465838,0.1664295763975155,0.164744101242236,0.163424500621118,0.1627377180124223,0.1629185428571428,0.1629373633540372,0.1624415962732919,0.1618579229813664,0.1612054155279503,0.1620221881987577,0.1638407434782609,0.1665081906832298,0.1710913639751552,0.1776065217391304,0.1829901875776397,0.1878752260869565,0.1922914310559006,0.1952373745341614,0.1974142304347826,0.1998720093167702,0.2034365074534161,0.2090187888198758,0.2165472434782608,0.2260426409937888,0.2364798590062111,0.2452605378881987,0.2518334894409937,0.2565114795031056,0.25995010310559,0.2633174695652174,0.2673675472049689,0.2714245857142857,0.2754107285714285,0.278817753416149,0.2812522093167702,0.2836538118012422,0.2861861329192546,0.2892398031055901,0.2926722186335403,0.2963529546583851,0.2994375434782608,0.3011351341614907,0.3020347204968944,0.3036910714285714,0.305383299378882,0.308110152173913,0.3117053534161491,0.314690201242236,0.3164923124223602,0.3170683925465838,0.3176286708074534,0.3189391310559006,0.3198302590062112,0.3206985875776397,0.3214656372670807,0.3231822925465838,0.3250536136645963,0.3308977447204969,0.3392502645962733,0.3455001919254658,0.3469609080745341,0.3475145875776397,0.3499753291925466,0.3553121472049689,0.3604361105590062,0.3647452229813664,60.03,1,False
sample5,X1,0.2424595558139534,0.2442630616279069,0.2453476848837209,0.2468488116279069,0.2378588837209302,0.2291383046511627,0.2253322965116279,0.2200623558139534,0.2197885372093023,0.2172513953488372,0.2193293232558139,0.2195879837209302,0.2233407476744186,0.2230911546511628,0.2211615697674418,0.2217677139534883,0.2218251918604651,0.2232734441860465,0.2231786662790697,0.218731715116279,0.2224883290697674,0.2181261290697674,0.2190351162790697,0.2192145430232558,0.2182823825581395,0.2201410302325581,0.2173297011627906,0.219230626744186,0.2182261906976744,0.2190255686046511,0.2179542046511627,0.2210031325581395,0.2198165895348837,0.2250704232558139,0.2286164965116279,0.2304494941860465,0.2365109139534883,0.2416689197674418,0.237498815116279,0.2313663825581395,0.2320334534883721,0.2327361290697674,0.2368315162790697,0.2380158069767441,0.2396439988372093,0.2415478895348837,0.2409884686046511,0.2405851686046511,0.2405341290697674,0.2427647313953488,0.2435263476744186,0.2422963697674418,0.2405491197674418,0.2392070127906976,0.237080526744186,0.2378860523255814,0.2370504069767441,0.237499665116279,0.2374292639534883,0.2365598546511627,0.2370272755813953,0.2370330860465116,0.2369464755813953,0.2368196348837209,0.2372020406976744,0.2379648232558139,0.2384020372093023,0.2394210616279069,0.2402965825581395,0.2423631476744186,0.2463960127906976,0.2518699406976744,0.2576722,0.2641752302325581,0.2689182302325581,0.2722732604651163,0.2744939732558139,0.2760677802325581,0.2785537627906976,0.2824105360465116,0.2871410918604651,0.2949157023255814,0.3059417662790697,0.3173717232558139,0.327656838372093,0.3346703709302325,0.3393176918604651,0.3435995069767442,0.3476836197674419,0.3515562813953488,0.3564023046511628,0.3609467290697674,0.3645220302325581,0.3674699872093023,0.3691564918604651,0.3708184418604651,0.3731411104651163,0.3759572046511628,0.3782371151162791,0.3795607034883721,0.3805994488372093,0.3823979441860465,0.3833847918604651,0.3851167581395349,0.3873827232558139,0.390849788372093,0.3940252779069768,0.3949808755813953,0.3956228662790698,0.3960706220930232,0.3960826127906977,0.3970205395348837,0.3969163744186046,0.396489323255814,0.3958377488372093,0.3981068476744186,0.401171238372093,0.4074831244186047,0.4104520023255814,0.4096298593023256,0.4035385372093023,0.3950592279069767,0.3807074197674418,0.359902703488372,0.3332097581395348,50.15,1,False
sample5,X2,0.203414811790393,0.217926527510917,0.2287287611353711,0.2391283930131004,0.2329628585152838,0.2260031192139738,0.2238794427947598,0.213341476419214,0.2159790676855895,0.2105332899563319,0.2160182240174672,0.2159546100436681,0.2248067017467248,0.2241430755458515,0.2190582292576419,0.221135576419214,0.2213271816593886,0.2262622877729257,0.2267878598253275,0.2161950427947598,0.2264268292576419,0.2157447969432314,0.2182257703056768,0.2186343497816593,0.2163941593886462,0.2210711048034934,0.2150492794759825,0.2204443087336244,0.218847607860262,0.2217748834061135,0.2190804436681222,0.2265468052401746,0.2199804301310043,0.2275314729257642,0.2333895,0.2329968423580786,0.2371614192139738,0.2447525834061135,0.2402198065502183,0.2302344126637554,0.2324655965065502,0.2310696633187773,0.2375835,0.2371073689956331,0.2385156593886463,0.2428647903930131,0.2425302017467248,0.242150123580786,0.2411013475982532,0.2454432995633187,0.2472886554585152,0.2451467262008733,0.2441466096069869,0.2440737218340611,0.2411901838427947,0.2439846231441048,0.2415589943231441,0.2421934668122271,0.2418766218340611,0.2396555930131004,0.2408139532751091,0.2407088165938864,0.2398483724890829,0.2379240205240174,0.2373700336244541,0.2375424423580786,0.2372725711790393,0.238346907860262,0.2380235969432314,0.2397313253275109,0.2445811812227074,0.250717915720524,0.2558100240174672,0.2632060087336244,0.2681035689956332,0.271502470742358,0.2744555152838428,0.2768343524017467,0.280525447161572,0.285240143231441,0.2894493179039301,0.2974533969432315,0.3102058589519651,0.3227607401746725,0.3343975655021834,0.3413989995633187,0.3454519777292577,0.3499357074235808,0.3542390812227074,0.3577014515283843,0.3630574572052402,0.3675801834061135,0.3707007537117904,0.3736151545851528,0.374458262882096,0.3754391864628821,0.377549007860262,0.3806467676855895,0.3824394781659389,0.3825798965065502,0.3824397716157205,0.3843445558951965,0.3840962589519651,0.385167231441048,0.3867738886462882,0.3901772659388646,0.3932763938864629,0.3933094873362445,0.3936205205240174,0.3937488,0.3926297650655022,0.3936951681222707,0.3930681598253275,0.3923625681222707,0.3904396493449781,0.3940349930131004,0.3960315288209606,0.4022595187772925,0.4043987441048035,0.403481694323144,0.3951424213973799,0.3832120152838428,0.3616847148471616,0.330972143231441,0.2885267187772926,50.15,1,False
sample5,X3,0.2973522,0.25874773,0.2288511999999999,0.1993602,0.1832499,0.16790066,0.15861496,0.16138717,0.15251487,0.15504027,0.1483516799999999,0.14929472,0.14156474,0.1434572999999999,0.14865857,0.14656899,0.14628878,0.13980412,0.13824486,0.1469851,0.13508446,0.1447032,0.14150083,0.1405921299999999,0.14305745,0.13906463,0.14416342,0.13872811,0.14004242,0.13720194,0.14029251,0.13378251,0.14408768,0.14387736,0.1417636,0.14680891,0.15566514,0.15377102,0.1489332099999999,0.14997557,0.14604282,0.15104968,0.1496901,0.15459362,0.15734294,0.15513788,0.15586289,0.15776945,0.16266402,0.1617622799999999,0.16230184,0.16465144,0.16315532,0.15937099,0.15961092,0.15548062,0.15731259,0.15653877,0.15549516,0.15531519,0.1521078,0.14976154,0.1492212,0.15053385,0.15130324,0.15119062,0.1515283,0.15133004,0.15397069,0.15689429,0.15961676,0.1644883399999999,0.17306141,0.1786239399999999,0.18435911,0.1895430199999999,0.1923170599999999,0.1940770799999999,0.19593283,0.19979613,0.20813226,0.2176561899999999,0.2281301,0.24012535,0.24986009,0.25822734,0.26491242,0.26893072,0.27262276,0.27771405,0.28164966,0.2857491399999999,0.28944016,0.2912546,0.29370829,0.29551883,0.29678624,0.2978416499999999,0.30006209,0.30298769,0.30452299,0.30415627,0.3063609399999999,0.30779245,0.31033656,0.31301689,0.3149782,0.31757401,0.31804074,0.318534,0.32047871,0.32029069,0.32083362,0.32109938,0.32330681,0.32272715,0.32904422,0.33651628,0.34301062,0.34426288,0.34695104,0.35302519,0.36618571,0.38226645,0.40572157,50.15,1,False
sample5,X4,0.2405894207792208,0.2197085136363636,0.2021777201298701,0.1853176714285714,0.1725974058441558,0.1602127097402597,0.1519659727272727,0.1487231532467532,0.1436086136363636,0.1425150071428571,0.1398385558441558,0.1401249441558441,0.1380548935064935,0.1390937441558441,0.1407545493506493,0.1402434324675324,0.1401335428571428,0.1378075538961039,0.1368904331168831,0.1388195720779221,0.1345767707792207,0.1369160935064935,0.1355755461038961,0.1348533798701298,0.1355405097402597,0.1346034331168831,0.1357328974025974,0.1342151525974026,0.1346757896103896,0.1341610259740259,0.1354330201298701,0.1341233564935064,0.1385096097402597,0.1413671259740259,0.1420451448051948,0.1451893,0.152194235064935,0.1532374279220779,0.1484980935064935,0.1453061571428571,0.1429658461038961,0.1451345532467532,0.146191087012987,0.1490568493506493,0.1511690714285714,0.1511288961038961,0.151585035064935,0.152947448051948,0.1559488162337662,0.1574995688311688,0.1590721474025974,0.160383698051948,0.1596114188311688,0.1578657824675324,0.1574838545454545,0.1561193915584415,0.1567406149350649,0.1567081279220779,0.1560875344155844,0.1552799487012987,0.1532629207792208,0.1514767746753246,0.1503587448051948,0.1502323272727272,0.1500222727272727,0.1494681363636363,0.1490115987012987,0.1486844714285714,0.149758561038961,0.1519734636363636,0.1550818909090909,0.1601528051948051,0.1672659123376623,0.1734176259740259,0.1788795558441558,0.183363122077922,0.1862180142857142,0.1883556961038961,0.1910560214285714,0.1955718298701298,0.2028726857142857,0.2126362344155844,0.224686448051948,0.2377120201298701,0.2487763123376623,0.2571844064935065,0.2632881922077922,0.2678277753246753,0.2721121461038961,0.2770064538961039,0.2818399532467532,0.2864935493506493,0.290321235064935,0.2928011889610389,0.2947969253246753,0.2964558298701298,0.2981775759740259,0.3000579077922078,0.3022393714285714,0.3041165707792208,0.3050274967532467,0.3053040428571428,0.3063863181818181,0.3074818896103896,0.3094650402597402,0.3122003798701299,0.314424637012987,0.3156877584415584,0.3158432123376623,0.3158970064935065,0.3164300474025974,0.316317924025974,0.3160418071428571,0.3156166675324675,0.3160602961038961,0.3166300331168831,0.3212393668831169,0.3282951162337662,0.3333854675324675,0.3341336116883117,0.3341056655844155,0.3361056753246753,0.3411651045454545,0.3459413181818181,0.3501671038961039,50.15,1,False
sample6,X1,0.3023130789473684,0.3019588368421053,0.3007511210526316,0.3002553,0.2883429526315789,0.2781202368421052,0.2731394789473684,0.2664919736842105,0.2659713263157894,0.2625667736842105,0.2644266736842105,0.2638141789473684,0.2677647631578947,0.2675110368421052,0.2655665684210526,0.2671574105263157,0.2679140105263158,0.2704537052631579,0.270977447368421,0.2662195631578947,0.2708543421052631,0.2657317631578947,0.2666662578947368,0.2667562315789473,0.2654678894736842,0.2675543210526316,0.2643613052631579,0.2667622263157895,0.2657583315789473,0.2668952684210526,0.2656264263157895,0.2692710526315789,0.2674336,0.2728531894736842,0.2766718315789473,0.2783094578947369,0.2843659105263157,0.290312847368421,0.2862195842105263,0.2801157,0.282165447368421,0.2839916789473684,0.2900081315789473,0.2922705315789474,0.2948685263157894,0.2968968157894737,0.2943183526315789,0.2903182315789473,0.2865514947368421,0.2868880105263158,0.2857342315789473,0.2822155157894737,0.2795316631578947,0.2787865947368421,0.2779323631578947,0.2803556210526315,0.2806342368421052,0.2819242,0.282156347368421,0.2815206210526315,0.2823309526315789,0.2826163631578947,0.2826913947368421,0.282559994736842,0.2829377842105263,0.2837052210526316,0.2838848631578947,0.2846241736842105,0.2851829736842105,0.2869961789473684,0.2909798894736842,0.2965392578947368,0.3025196421052631,0.3095309105263157,0.314829047368421,0.3184461526315789,0.3206449842105263,0.3215926789473684,0.3221496105263158,0.3219332,0.3200416052631579,0.3193928736842105,0.3198853789473684,0.3215199578947368,0.3251031947368421,0.3282991210526316,0.3324942684210526,0.340300547368421,0.3513852789473684,0.3648165,0.3811608736842105,0.3980897052631579,0.4142946631578947,0.4300678736842105,0.4433686263157895,0.4537208789473684,0.4607249526315789,0.4647422210526316,0.4664272368421052,0.4667355052631579,0.4668384368421052,0.4682811157894737,0.4691383578947368,0.4724096263157895,0.4782460315789474,0.4875790736842105,0.4983091631578947,0.505935252631579,0.5116753842105263,0.5147218684210526,0.5153550631578948,0.5156267421052632,0.5129233315789473,0.5092418736842105,0.5057046947368421,0.5056402105263157,0.505914652631579,0.5093730157894737,0.5100045210526316,0.5066101736842106,0.4983858421052631,0.487034047368421,0.4690716315789474,0.4451507894736842,0.4157153789473684,49.89,1,False
sample6,X2,0.2537309849710982,0.2686117161849711,0.2781597676300578,0.2880769375722543,0.2788588768786127,0.271396589017341,0.2689436572254335,0.2553572329479769,0.2583342190751445,0.2509685156069364,0.2569021329479768,0.2557249976878613,0.2658923751445086,0.2649694907514451,0.2591469560693641,0.2625955497109826,0.2637395468208092,0.2705974213872832,0.2719283450867052,0.259540139884393,0.2722593670520231,0.259239039884393,0.2621140971098266,0.2622878473988439,0.2593608976878612,0.2648944219653179,0.2576233653179191,0.2643231531791907,0.2625927179190751,0.2663951578034682,0.2632730219653179,0.2725706283236994,0.2641455063583815,0.2726010005780347,0.2794316502890173,0.2784502589595375,0.2823623138728323,0.2914001786127167,0.2869007375722543,0.2760675676300578,0.280104625433526,0.2791899063583815,0.2881077387283237,0.288043350867052,0.2900616115606936,0.2949882046242775,0.2924751156069364,0.2883185057803468,0.2830263190751445,0.2861664445086705,0.2859868023121387,0.281565750867052,0.280023710982659,0.2810138410404624,0.2794203641618497,0.2845967173410405,0.283190487283237,0.2849312306358381,0.2851292890173411,0.2831358306358381,0.2850680786127167,0.2853621976878613,0.2846784907514451,0.282441376300578,0.2816758485549133,0.2817236410404624,0.281029425433526,0.2817674930635838,0.2806488751445086,0.2819651861271676,0.2866122167630058,0.2926748676300578,0.2974187838150289,0.3051761317919075,0.3103702786127167,0.313825425433526,0.3166921387283237,0.3185402,0.3206761924855491,0.3211195895953757,0.3187433913294797,0.3184279219653179,0.3205500976878613,0.3232496005780347,0.3282801612716763,0.3317915520231214,0.3357481838150289,0.34434032716763,0.3563396734104046,0.3697983982658959,0.3871272520231213,0.4045806930635838,0.4206029098265896,0.4368391132947976,0.4491026710982659,0.4585739994219653,0.4655215722543352,0.4699968549132948,0.4710787317919075,0.4702276965317918,0.4691042554913294,0.4709424196531792,0.4704124369942196,0.4730881300578034,0.4781590606936416,0.4873676167630057,0.4982087959537573,0.5041207294797688,0.509285496531792,0.5115219127167631,0.5102391826589596,0.5106984063583815,0.5070760595375723,0.5026288774566474,0.4974704462427746,0.4989915352601156,0.4978100369942196,0.5008645543352601,0.5000945433526012,0.4967700936416185,0.4857942526011561,0.4705075658959537,0.4446177734104046,0.4105290352601156,0.364382101734104,49.88999999999999,1,False
sample6,X3,0.3933846363636364,0.3485383909090909,0.3145703090909091,0.2811889363636364,0.2630250090909091,0.2441377,0.2323955363636363,0.2356739272727273,0.2250981636363636,0.2278607454545454,0.2194073454545454,0.2199585272727272,0.2102913272727272,0.2124917363636363,0.2191321363636363,0.2173046181818181,0.2178795909090909,0.2112560181818182,0.2099083181818181,0.2208135090909091,0.2069190272727272,0.2182563,0.2142722454545454,0.2131283181818181,0.2157198545454545,0.2108346909090909,0.2168530545454545,0.2104645909090909,0.2122787363636363,0.2091399,0.2128965818181818,0.2052899181818182,0.2175144999999999,0.2168748454545454,0.2143465454545454,0.2201357363636363,0.2301315454545454,0.2279952999999999,0.2229141181818182,0.2249787909090909,0.2216957363636363,0.2286936545454545,0.2283519727272727,0.2349965181818182,0.2389433090909091,0.2359910363636363,0.2343028999999999,0.2325661272727272,0.2342688181818182,0.2309710090909091,0.2291619454545454,0.229786,0.2275437181818181,0.2240692454545454,0.2260029818181818,0.2229984181818181,0.2266763454545454,0.2266857,0.2262008181818181,0.2264860545454545,0.2232616818181818,0.2211361272727272,0.2209665909090909,0.2227220363636363,0.2236586181818181,0.2235082636363636,0.2236557454545454,0.2230031545454545,0.2256871090909091,0.2283943181818181,0.2308382727272727,0.2357167818181818,0.2449321363636363,0.2508620636363636,0.2572048454545454,0.2627249,0.2653709818181818,0.2659963545454545,0.2653488818181818,0.2648812545454545,0.2663982272727273,0.2664528727272727,0.2658434454545454,0.2675413636363636,0.2699615636363636,0.2739699727272727,0.2802254727272727,0.2878719454545454,0.2984913181818182,0.3134446363636363,0.3289850272727272,0.3454802727272727,0.3622420727272727,0.3766887909090908,0.3910805545454545,0.4017345636363636,0.4071907181818182,0.4093148,0.4109497272727272,0.413220790909091,0.414375290909091,0.4131711090909091,0.4159208454545455,0.4189848909090909,0.4254275272727273,0.4340173272727272,0.4430493727272727,0.4531648636363636,0.4585956454545454,0.4622814909090909,0.465191809090909,0.4637489,0.4620858636363636,0.4597708,0.4595867272727272,0.4557995999999999,0.4597012909090909,0.463917709090909,0.4679193272727273,0.4666892272727272,0.4680480363636363,0.4726036181818181,0.4844525181818182,0.4990509818181818,0.5232730272727273,49.88999999999999,1,False
sample6,X4,0.3344657335570469,0.3089372979865772,0.2878721322147651,0.2675162208053691,0.2524162067114094,0.2373239255033557,0.2270299791946308,0.2232567302013422,0.2169468288590604,0.2153448053691275,0.2112712268456375,0.2108384503355704,0.2077072476510067,0.2088958724832214,0.2114994818791946,0.2117206758389261,0.2124576697986577,0.2104954953020134,0.2101258369127517,0.2131987926174496,0.2079558167785234,0.2111233738255033,0.2093485,0.2082863483221476,0.2090107684563758,0.2075538449664429,0.2090977060402684,0.2072168557046979,0.2080834785234899,0.2075498838926174,0.2093883409395973,0.2076894395973154,0.2131146288590603,0.2159721946308724,0.2165152825503355,0.2201235026845637,0.2279619530201342,0.2289916026845637,0.2239798208053691,0.2211887228187919,0.2197200033557047,0.2233584436241611,0.2257255382550335,0.2301129818791946,0.2332568516778523,0.2326708120805369,0.2308146288590604,0.228477899328859,0.2283756939597315,0.2275842382550335,0.2271139288590604,0.2267905563758389,0.2253942959731543,0.2243571731543624,0.2256130053691274,0.2258450731543624,0.2282629489932886,0.2292748953020134,0.2291776483221476,0.2287430234899328,0.2268572859060402,0.22521642147651,0.224290277852349,0.2243369322147651,0.2241179315436241,0.2233468604026845,0.2225039073825503,0.2215037429530201,0.2223501362416107,0.2242234416107382,0.2269515583892617,0.2318802369127516,0.2392788577181208,0.2457416986577181,0.2517230919463087,0.2565551120805369,0.259347111409396,0.2607271463087248,0.2611321838926174,0.261311699328859,0.2620834060402684,0.262547377852349,0.2632858241610738,0.2661760637583892,0.2701679791946308,0.2748117536912752,0.2810524651006711,0.2897716677852349,0.3016368053691275,0.3168244422818792,0.3335836516778523,0.3509143241610738,0.3677708637583892,0.3829992637583892,0.3966432899328859,0.4066883140939597,0.4124677838926174,0.4152235805369128,0.4167044550335571,0.4177435979865772,0.4180462697986577,0.4176277389261745,0.4190162771812081,0.4217425872483221,0.427477043624161,0.4360023785234899,0.4453063697986577,0.4534790080536913,0.4583367120805369,0.4609986288590604,0.4620311832214765,0.4605793926174496,0.457793899328859,0.4542513999999999,0.4518252510067114,0.4498324463087249,0.451633222147651,0.4553634845637584,0.4577402496644295,0.4560977033557046,0.4546140832214765,0.4548095986577181,0.4579707402684563,0.4613804194630873,0.4660829382550335,49.89,1,False
sample7,X1,0.2791269894736842,0.2807053421052631,0.2810907578947368,0.2823886631578947,0.2722243,0.2631256578947368,0.259014847368421,0.2532987052631579,0.2531932684210526,0.2502413,0.2525750315789474,0.2525282263157895,0.2566682052631579,0.2564574789473684,0.2543539736842105,0.2554425052631579,0.2559565052631579,0.2579855210526315,0.258220647368421,0.2533389157894737,0.2575724789473684,0.2524333631578947,0.2532231157894737,0.2532724368421052,0.2521222842105263,0.2541260052631579,0.2510384789473684,0.2532718263157895,0.2522399789473684,0.2531717631578947,0.2518647421052631,0.2550575263157895,0.2527787473684211,0.2572311105263158,0.2605291789473684,0.2615028157894736,0.2663899631578947,0.2716583736842105,0.2684722315789473,0.2634454842105263,0.2655725,0.2670658052631579,0.2724129368421052,0.2744307052631579,0.2770785789473684,0.2800181631578947,0.2789813263157895,0.2770336789473684,0.2750317684210526,0.2763007105263158,0.2758927736842105,0.2733587578947368,0.2711078578947368,0.2699250105263158,0.2681516842105263,0.2695538157894737,0.2688754421052632,0.2694613894736842,0.2693856263157895,0.2682754631578947,0.2686400789473684,0.2684309631578947,0.2679958421052631,0.2674153789473684,0.2675849157894737,0.2682046368421052,0.2685742789473684,0.2696559105263157,0.2705629421052631,0.2727437789473684,0.2770272157894736,0.2828012210526315,0.2889737947368421,0.2962056368421052,0.3014963526315789,0.3049101157894737,0.3068902210526316,0.3080335210526316,0.3095098157894737,0.3114050263157895,0.3134630842105263,0.3179140631578948,0.3253885,0.3336631052631579,0.3419054631578947,0.3479141842105263,0.3529138263157895,0.3591948842105263,0.3668538578947368,0.3755710842105263,0.3864291631578947,0.3975911263157894,0.4079598263157895,0.4178703157894737,0.4256091526315789,0.431350794736842,0.4351180842105263,0.437041847368421,0.4373871578947368,0.4369097947368421,0.4364943052631579,0.437324847368421,0.4375914210526316,0.4395973157894737,0.4432279789473684,0.4493535789473684,0.4564305894736842,0.4610396263157895,0.4645300157894736,0.4660745842105263,0.4657651631578947,0.4652618052631578,0.4622105789473684,0.4583979421052631,0.4545957894736842,0.4537688736842105,0.4532195842105262,0.4551096368421052,0.4549838842105263,0.4512476263157894,0.4432622631578948,0.4319801210526316,0.4141745894736842,0.3905493421052631,0.3620085052631579,39.66,1,False
sample7,X2,0.2343614461038961,0.2497724733766234,0.2604823896103896,0.2710187181818181,0.2638083545454545,0.2571081538961038,0.255251224025974,0.2432024558441558,0.2462073266233766,0.239889022077922,0.245871474025974,0.2454010194805194,0.2552537935064935,0.254514474025974,0.2489461545454545,0.2518137701298701,0.2524648493506493,0.2584935603896103,0.2594283928571428,0.2476363422077922,0.2592344720779221,0.2469461571428571,0.2494867993506493,0.2497020954545454,0.2470661863636363,0.2523155227272727,0.2455282948051948,0.2517563577922078,0.2500949922077922,0.2535249779220779,0.2504346733766234,0.2587220694805195,0.250432787012987,0.2575300941558441,0.2633891785714286,0.2618998324675325,0.2647064616883117,0.2725655058441558,0.2689534642857142,0.2595690844155844,0.2634059935064935,0.262446674025974,0.2704486272727273,0.2705148733766233,0.2727666688311688,0.2784469837662338,0.2776399967532467,0.2757545824675325,0.2726038818181818,0.2764676785714285,0.2771840019480519,0.2739126642857143,0.2726936253246753,0.2731178227272727,0.2706368162337662,0.2744242961038961,0.2721092409090909,0.2729865922077922,0.2726936025974026,0.2701356623376623,0.2713009681818182,0.2709599746753247,0.2696365603896103,0.2670332805194805,0.2659723733766234,0.2658556714285714,0.2652913207792208,0.2663083545454545,0.2657161811688311,0.2673679805194805,0.2723320642857142,0.278637424025974,0.2838191357142857,0.2918702694805195,0.2972223363636364,0.3006352974025974,0.3033983759740259,0.3054310363636363,0.3082712448051948,0.3111545694805195,0.3127048448051948,0.3172720246753246,0.3266699155844156,0.3361483961038961,0.345907387012987,0.3521124103896104,0.3567515668831169,0.3635788077922078,0.3719235987012987,0.3805136409090909,0.3921515331168831,0.4036342519480519,0.413677335064935,0.4238176025974026,0.4305212538961039,0.4353888961038961,0.43899775,0.4410220227272727,0.4410510655844155,0.438959635064935,0.437465648051948,0.4385161727272727,0.4374811162337662,0.438701035064935,0.4415765012987013,0.4475402792207792,0.4546156084415584,0.4577924811688312,0.4607457077922078,0.4617645688311688,0.45983775,0.4595052967532467,0.4556545103896103,0.4512522129870129,0.4462793253246753,0.4468191285714286,0.4450071149350649,0.4467573701298701,0.4452493785714285,0.4416387948051948,0.4312651331168831,0.4164192461038961,0.3913830889610389,0.3580057896103896,0.3136672616883117,39.66,1,False
sample7,X3,0.2156166916666666,0.176643425,0.1453294333333333,0.1142565083333333,0.0959754016666666,0.08079593,0.0718379525,0.0725085991666666,0.0644069566666666,0.0656155908333333,0.0594481241666666,0.0598507141666666,0.0532477358333333,0.0551173666666666,0.0597385633333333,0.0586030925,0.0589966425,0.0540677533333333,0.0530777783333333,0.0605943816666666,0.0506734516666666,0.0585632908333333,0.0556514658333333,0.054660435,0.0566277108333333,0.0532789391666666,0.0573636425,0.052873775,0.0539944699999999,0.051652695,0.0542717066666666,0.0488232566666666,0.05739652,0.0571758791666666,0.0554811349999999,0.0597793175,0.0675563725,0.0665065399999999,0.0627251108333333,0.0641123491666666,0.0620663016666666,0.0674794116666666,0.067815485,0.0732631275,0.0771480908333333,0.0759629025,0.0760040658333333,0.0761934558333333,0.0786123291666666,0.0771322125,0.0767502066666666,0.0775057058333333,0.0757945116666666,0.0727091291666666,0.0733870483333333,0.0705592625,0.0727342333333333,0.0724776091666666,0.071846845,0.0717410908333333,0.0689646975,0.0667818191666666,0.06609168,0.0670846791666666,0.06766137,0.0676067666666666,0.06791565,0.0678790116666666,0.0703027191666666,0.0733186366666666,0.0763563991666666,0.08159403,0.0903422516666666,0.0968664475,0.1032797999999999,0.1083647916666666,0.1109449083333333,0.1122836749999999,0.1132209333333333,0.1152436749999999,0.1206952666666666,0.1269448583333333,0.1339633833333333,0.1430822166666666,0.1512164833333333,0.1588648833333333,0.1663291166666666,0.1732262,0.1813718,0.1922606166666667,0.2034168083333333,0.21525275,0.2271143416666666,0.2369463666666666,0.2464138666666666,0.2531282166666667,0.2561789,0.2570096,0.257615825,0.2587823333333333,0.25935955,0.2582826333333333,0.2600680083333333,0.2620691333333333,0.2663955,0.2723627083333333,0.2786799083333333,0.2854702083333333,0.2889261416666667,0.2910837416666667,0.2926338916666666,0.2906845583333333,0.2883281083333333,0.285287525,0.2838282416666666,0.2804679083333333,0.2827692666666667,0.28617305,0.2891359583333333,0.2879968833333333,0.288466675,0.2920864916666666,0.3025405583333333,0.3168787,0.3394030666666667,39.66,1,False
sample7,X4,0.1669416865771812,0.1435737785234899,0.1237011879194631,0.1044835076510067,0.0897080475167785,0.0763832913422818,0.0674774506040268,0.0632591239597315,0.0580491532214765,0.0564145791275167,0.0535647506040268,0.0534838211409395,0.0513514269127516,0.052598255033557,0.0544182375167785,0.0546103720134228,0.0551155232214765,0.0533873220134228,0.052956315771812,0.0550274987919463,0.0510265245637583,0.0532090166442953,0.0517671986577181,0.0508975465100671,0.0515622261073825,0.0506938662416107,0.0517097530872483,0.0504039871140939,0.0509411980536912,0.0505721355704698,0.0518028429530201,0.0505550686577181,0.0544068438255033,0.0566484667785234,0.057057832147651,0.0598605386577181,0.0660353906711409,0.0672173639597315,0.0633731487919463,0.0612907355033557,0.0604619055704698,0.0634889011409396,0.065717853624161,0.0696783863087248,0.0729557301342281,0.073608268590604,0.0735230073154362,0.0733418797315436,0.074578822885906,0.0750625853691275,0.0755578598657718,0.0757715192617449,0.0747341868456376,0.0733509108724832,0.0736008844295302,0.0730328826174496,0.0742472565771812,0.0746055783221476,0.0742312291946308,0.0735623024832214,0.0715896016107382,0.0697170745637583,0.0684411332885906,0.0681417782550335,0.0678171752348993,0.0672407167114094,0.0667919992617449,0.0665231987919463,0.0676284416107382,0.0699579340939597,0.0732243636912751,0.0785576240939597,0.0861128414093959,0.0930447594630872,0.0991970184563758,0.1038306140939597,0.1065159959731543,0.108233455033557,0.1099167020134228,0.1125361020134228,0.1172397765100671,0.1237557671140939,0.1321020932885906,0.1421203275167785,0.1514480463087248,0.1593839248322147,0.1666677127516778,0.1742091718120805,0.1831382899328859,0.1941563805369127,0.206233743624161,0.2186998026845637,0.2306478087248322,0.2410605704697986,0.2500190610738255,0.2563265691275168,0.2596202617449664,0.2608694644295302,0.2613781798657718,0.2616505637583892,0.2615626006711409,0.2610193026845637,0.2618090302013423,0.2635147040268456,0.2673536093959732,0.2732530510067114,0.2797026208053691,0.2851546906040269,0.2881446046979866,0.2894777979865772,0.2897299127516778,0.2876638731543624,0.2844440322147651,0.2805216644295302,0.2774733583892617,0.2751969395973154,0.2759123953020134,0.2788935597315436,0.2806157543624161,0.2787814422818792,0.2769207986577181,0.2766433644295302,0.2793869570469798,0.2827192429530201,0.2870155597315436,39.66,1,False
sample8,X1,0.251948,0.2519739,0.2514035466666666,0.2515962666666667,0.2403151733333333,0.2299808333333333,0.2250375066666666,0.21884428,0.2182474066666666,0.21524562,0.21715434,0.2171336466666666,0.22087718,0.2208282733333333,0.2188451533333333,0.2197206866666666,0.2202087066666666,0.2220718,0.2221556533333333,0.2175310266666666,0.2217401866666666,0.2171423333333333,0.2182079066666666,0.2183916533333333,0.2174715066666666,0.2195505733333333,0.2166549533333333,0.2188154266666666,0.2178928066666666,0.2190289733333333,0.2180745133333333,0.2216602066666667,0.2207290999999999,0.2271647266666666,0.2314399733333333,0.23375686,0.24123726,0.24721368,0.2419083,0.2342348533333333,0.2347705266666666,0.2357710733333333,0.2406981799999999,0.2422374866666666,0.243781,0.24454142,0.2421097933333333,0.2392279133333333,0.2370592733333333,0.2384082866666666,0.2383237533333333,0.2363527799999999,0.23430394,0.2332818866666666,0.2319346466666667,0.23370156,0.2336685266666666,0.2347663133333333,0.2349280733333333,0.2343104666666667,0.2351833333333333,0.23578472,0.2362992266666666,0.23669536,0.23754044,0.23858714,0.2389931733333333,0.2398762533333333,0.2406122466666666,0.2426177666666666,0.2467262066666666,0.25240896,0.2583819933333333,0.2649949933333333,0.2700234066666667,0.2739291733333333,0.2765800933333333,0.27811418,0.2798457,0.2816194,0.2827810333333333,0.2853788733333333,0.2905495066666667,0.29659382,0.3029224266666667,0.3072509533333333,0.31064942,0.31526824,0.3213199066666667,0.3284727666666666,0.33775478,0.3474470066666666,0.3565798066666666,0.3656828333333333,0.3734894133333333,0.3804445133333333,0.3866412266666666,0.3919852199999999,0.3959559133333333,0.3983052333333333,0.4000133933333333,0.4024338933333333,0.4041323866666667,0.4074038266666667,0.4124554133333333,0.4200268866666666,0.4280053133333333,0.4329849266666666,0.4366798133333333,0.4391359133333333,0.4404717733333333,0.4420729,0.4421771466666666,0.4417287866666666,0.4408797266666667,0.4438750666666667,0.4475845333333333,0.4548122733333333,0.4582439466666666,0.4574606133333334,0.4507969,0.44173548,0.42630244,0.4039239733333333,0.3749145466666667,59.3,1,False
sample8,X2,0.2040231723404255,0.2189058283687943,0.2290374460992907,0.2395024418439716,0.2316194560283687,0.2237917794326241,0.2208879992907801,0.2083633751773049,0.2110840588652482,0.2043660177304964,0.209946854609929,0.2092375035460993,0.2187520709219858,0.2179620687943262,0.2124434815602837,0.2151325113475177,0.2157081312056737,0.2215816971631205,0.2224923432624113,0.2108963319148936,0.222492,0.210701709929078,0.2135700872340425,0.213993104964539,0.2115037659574468,0.2167551460992907,0.2101580177304964,0.2163951319148936,0.2148928687943262,0.2185234085106383,0.2158502858156028,0.2247894014184397,0.2178266262411347,0.2270472822695035,0.2341123737588652,0.2340174382978723,0.2392146354609929,0.2480041460992907,0.2421984609929078,0.2299230390070921,0.2321366255319149,0.2304375432624113,0.2378757531914893,0.2371495368794326,0.2382059078014184,0.2415894978723404,0.2392044588652482,0.2362315801418439,0.2328686113475177,0.2367833269503546,0.2380498858156028,0.2353206723404255,0.2344938985815603,0.2353098631205673,0.233521139716312,0.2380194730496453,0.2365844141843971,0.2382102609929078,0.2383830815602837,0.2366112602836879,0.2385726957446808,0.2390998609929078,0.2387986503546099,0.2371683241134752,0.2368006390070922,0.2369858773049645,0.2363706312056737,0.2370183113475177,0.2359963453900709,0.2372739801418439,0.2418163390070922,0.2477950702127659,0.2524750468085106,0.2596583560283688,0.2644889765957446,0.2680718617021276,0.2712837808510638,0.2735394234042553,0.2765430056737588,0.2792460092198581,0.2797165631205673,0.2824131127659575,0.2895054205673759,0.2967631212765957,0.3047107368794326,0.3093465787234042,0.3125697638297872,0.3179217595744681,0.3248420907801418,0.3320715304964539,0.3423195326241135,0.3525730595744681,0.3616499489361702,0.3713116751773049,0.3783802460992908,0.3847967680851064,0.3910980191489361,0.3969924127659574,0.4006714936170213,0.4016944893617021,0.4022036574468085,0.4049811028368794,0.4053045624113475,0.4080943,0.4123789631205674,0.4197771092198581,0.4277283163120567,0.4311632808510638,0.4343189524822695,0.4359451,0.4354732595744681,0.4372349872340425,0.436424319858156,0.4351689127659574,0.4326619872340425,0.436874924822695,0.4389279503546099,0.4458121375886525,0.4479417510638298,0.4470152241134751,0.4376171567375886,0.4247609617021277,0.4017309503546099,0.3693317787234042,0.3237047957446808,59.3,1,False
sample8,X3,0.4159782545454545,0.3722053454545455,0.3394737454545454,0.3071378818181818,0.2905347545454546,0.2722887181818181,0.2605969999999999,0.2648463636363636,0.2542638727272727,0.257761909090909,0.2490175,0.2497889909090909,0.2397260090909091,0.2416180636363636,0.2482951909090909,0.2456812090909091,0.2455737636363636,0.2376344636363636,0.2357060727272727,0.2470496545454545,0.2322587454545454,0.2445055545454545,0.2404866363636363,0.2395142727272727,0.2424945363636363,0.2374427454545454,0.2440713818181818,0.2374427636363636,0.2393781818181818,0.2360443636363636,0.2402871909090909,0.2322177454545454,0.2453935727272727,0.2448215636363636,0.2421443181818182,0.2482880909090909,0.2587019909090909,0.2559618909090909,0.2499886272727272,0.2513340727272727,0.246299409090909,0.2520510454545455,0.2499684272727272,0.2555271454545454,0.2578457818181818,0.2538323090909091,0.2524874818181818,0.2525166,0.2558248272727272,0.2532374909090909,0.2529884909090909,0.2550934545454545,0.2534042090909091,0.249793609090909,0.2512759454545454,0.2473643090909091,0.2506497909090909,0.2502836727272727,0.2496040909090909,0.2499233,0.2466309454545454,0.2447756181818181,0.2448166545454545,0.2469570181818181,0.2481357363636363,0.2480086909090909,0.2481838727272727,0.2474463363636363,0.2501626090909091,0.2525968636363636,0.2545810272727272,0.2588237272727273,0.2674263272727273,0.2721573,0.2774757545454545,0.2827914454545455,0.2854659,0.2865386636363636,0.2868965636363636,0.2880729363636363,0.2929422,0.2966952181818181,0.3002154090909091,0.3059992727272727,0.3108820545454545,0.3160955727272727,0.3214512636363636,0.3257310909090909,0.3310580909090909,0.3393976636363636,0.3475190636363636,0.3564307,0.3658102090909091,0.3734131454545454,0.3821964090909091,0.3893321272727272,0.3941125727272727,0.3973541272727273,0.4010536909090909,0.4053443727272727,0.4075994727272727,0.4074371272727273,0.4108600909090908,0.4138170909090908,0.4192075909090909,0.4257717818181818,0.4319335,0.438995109090909,0.4422815545454545,0.4448914181818182,0.4481335272727273,0.4482508090909091,0.4489326363636364,0.4491098272727273,0.4516176545454545,0.4504797,0.4577411909090909,0.465579809090909,0.4725563181818181,0.4733331090909091,0.4762819363636363,0.4826949818181818,0.4965917636363636,0.5128460363636363,0.5376587181818182,59.3,1,False
sample8,X4,0.3550997155844156,0.3313626318181818,0.3119158012987013,0.2930025798701299,0.2792030967532468,0.2649362363636364,0.2551602441558441,0.2519125051948052,0.2457314681818182,0.2444590655844155,0.2406392753246753,0.2406948318181818,0.237510998051948,0.2387540720779221,0.2408862383116883,0.2404820603896104,0.2406276707792208,0.2378570194805195,0.2368860889610389,0.2397635766233766,0.2342144915584415,0.2375300019480519,0.2358030519480519,0.2349125311688311,0.2358900298701298,0.2346080961038961,0.2364183961038961,0.2346362532467532,0.2356577519480519,0.2352156006493506,0.2372900974025974,0.2355924662337662,0.2413793759740259,0.2445165396103896,0.2450901987012987,0.248707124025974,0.2566958227272727,0.2573512311688312,0.2514315181818182,0.2474747798701298,0.2442121279220779,0.2467034051948052,0.2476422409090909,0.250761624025974,0.2525099954545454,0.2512806649350649,0.2498763837662337,0.2493995993506493,0.2509807675324675,0.2514061733766233,0.2523675590909091,0.2536024779220779,0.2528868675324675,0.251660362987013,0.2522948506493506,0.2516326376623376,0.253305088961039,0.2537259272727272,0.2532062935064935,0.2524581188311688,0.2503506655844156,0.2487469571428571,0.2478905266233766,0.2480114207792207,0.2478491902597402,0.2470358428571428,0.2461590071428571,0.2451551136363636,0.2459940461038961,0.2477590077922077,0.2502762558441558,0.2548259954545454,0.2616362987012987,0.2672883272727273,0.2725984467532467,0.277407887012987,0.2805206896103896,0.2824066084415584,0.2839992785714286,0.2861720136363636,0.2897901253246753,0.2940637376623377,0.2994059155844156,0.3063206785714285,0.3127739571428571,0.3182215168831169,0.3230863383116883,0.3280612623376623,0.3342894103896103,0.3425141766233766,0.3516254149350649,0.3611568448051948,0.3703986519480519,0.3786216285714285,0.3865184935064935,0.3930591162337662,0.3980487402597402,0.401938248051948,0.4053714175324675,0.4081233201298701,0.4094587915584415,0.4099500532467532,0.411809961038961,0.4142847090909091,0.4189750922077922,0.4255513149350649,0.4320639181818181,0.4373746253246753,0.4402246064935065,0.4421238071428571,0.4437371363636364,0.4440037084415585,0.4438261311688311,0.4433040168831169,0.4438372727272727,0.4444942597402597,0.4498337746753246,0.4573918538961039,0.4628984136363636,0.4635429487012987,0.463574359090909,0.4657736662337662,0.4710260993506494,0.4760470045454545,0.4809695487012987,59.29999999999999,1,False
sample9,X1,0.2295617928571428,0.2297641571428571,0.2288989,0.2290043,0.2177919642857143,0.20727425,0.2020095142857143,0.1959345642857142,0.1954897714285714,0.1924200571428571,0.1944145642857142,0.1944118785714285,0.1981971142857142,0.1982143571428571,0.1963671714285714,0.1974934928571428,0.19807335,0.1998054214285714,0.1999659428571428,0.1954570142857143,0.1993447642857143,0.1947725714285714,0.1956546285714286,0.1957262214285714,0.1947763642857143,0.1967299214285714,0.1937844428571428,0.1959112499999999,0.1949372214285714,0.19588155,0.1947756857142857,0.1981013857142857,0.1968855642857143,0.2026325357142857,0.2064188,0.2083989071428571,0.2151592714285714,0.2208886714285714,0.21623635,0.2095391928571428,0.2107081857142857,0.2121605357142857,0.2174466214285714,0.2194463571428571,0.2216964642857142,0.2234136285714285,0.2215948571428571,0.2190839428571428,0.2170128142857142,0.2182551071428571,0.2180068142857142,0.2156927571428571,0.2133269857142857,0.2120117714285714,0.2103792571428571,0.2118297142857142,0.2114501071428571,0.2121905214285714,0.2121149285714285,0.2110977142857142,0.2115275928571428,0.2115214428571428,0.2114161071428571,0.2112499071428571,0.2116630785714285,0.2124288999999999,0.2127367357142857,0.2135956857142857,0.2144961,0.2167295428571428,0.2210659857142857,0.2270545357142857,0.2335248214285714,0.2407483357142857,0.2461877928571428,0.2500705857142857,0.2525352071428571,0.2540018714285714,0.2557638214285714,0.2578092285714286,0.2596957857142857,0.2634915928571428,0.2699525785714285,0.27726695,0.2846610428571429,0.2899911642857143,0.29439395,0.30003965,0.3071128428571428,0.3153202571428571,0.3255994142857142,0.33622715,0.3461357,0.3557226142857143,0.3635479357142857,0.3698787071428571,0.3747777285714285,0.3783342642857143,0.3804736928571429,0.3813131214285714,0.3818288499999999,0.3834301642857142,0.3843762714285714,0.3868864428571428,0.3912169071428572,0.3980788428571428,0.4055678214285714,0.4103540071428571,0.4138648928571428,0.4157828214285714,0.4162722357142857,0.4167971,0.4152913428571428,0.4131150571428571,0.4109797357142857,0.41202605,0.41379915,0.4188062642857142,0.4207072,0.4185543,0.4112883785714286,0.4009444214285714,0.3842317142857143,0.3611357285714285,0.3319698,49.91,1,False
sample9,X2,0.1801775830985915,0.1953971204225352,0.2057271633802816,0.2162116154929577,0.2086462443661971,0.2009655542253521,0.1980973415492957,0.1853412309859155,0.1880637281690141,0.1813975330985915,0.1870817929577465,0.1862974028169014,0.1958522809859154,0.195236614084507,0.1896058577464789,0.1926261915492957,0.1934161950704225,0.1995004809859155,0.2005311253521126,0.1889575070422535,0.200666826056338,0.1885362971830985,0.1912323859154929,0.1913737809859155,0.1886099619718309,0.1936423549295774,0.1867614330985915,0.1928152746478873,0.1910326605633802,0.1944880232394366,0.1916117105633802,0.2004757211267605,0.1931153556338028,0.2019004415492957,0.2088461098591549,0.2085749091549295,0.2132877830985915,0.2220742373239436,0.2170605823943662,0.2057671915492957,0.2087010626760563,0.2073478478873239,0.2150351507042253,0.2145879802816901,0.216064876056338,0.2201976464788732,0.2181853457746479,0.2153230133802816,0.2117377845070422,0.2155432605633802,0.2163994492957746,0.2132623816901408,0.2120969690140845,0.2127443098591549,0.2107833591549295,0.2151405788732394,0.213507276056338,0.2149835309859155,0.2151081683098591,0.2131533816901408,0.2148461690140845,0.2150079457746478,0.2142276535211267,0.2120699957746478,0.2113546838028169,0.2113319971830986,0.2106116985915493,0.2112661112676056,0.2102842253521126,0.211640226056338,0.2163399507042253,0.2225447591549295,0.2275764042253521,0.2352809323943661,0.240318414084507,0.243721840140845,0.2465527964788732,0.2485801028169014,0.25144475,0.2542452859154929,0.2553011056338028,0.2589772401408451,0.267375352112676,0.2759386105633802,0.2849962584507042,0.2906487584507042,0.2948575964788732,0.3012897035211268,0.309268859859155,0.3175654774647887,0.3289250380281689,0.3401827929577465,0.3501054908450704,0.3603501485915493,0.3674817323943662,0.3733033274647887,0.3783701978873239,0.3825780950704225,0.384381126056338,0.3842133739436619,0.383714414084507,0.3857435218309859,0.3854762936619718,0.3875982591549295,0.391312461971831,0.3981311394366197,0.405722,0.4090151767605633,0.412018202112676,0.4132801302816901,0.4120005838028169,0.4126409669014084,0.4101702809859154,0.407178023943662,0.4033631788732394,0.405573235915493,0.4056862408450704,0.410225223943662,0.4108627014084507,0.4084286443661972,0.3983877436619718,0.3841539394366197,0.3597592422535211,0.3264306091549296,0.2803052957746478,49.91,1,False
sample9,X3,0.4491557142857142,0.4039127214285714,0.3706173714285714,0.3380338857142857,0.3221192714285714,0.3035252928571428,0.2914540214285714,0.2971304642857143,0.2860733357142857,0.2901159428571428,0.2809649,0.2820122928571428,0.2710492285714286,0.2731545285714286,0.2806722214285714,0.2778068142857143,0.2776561357142857,0.2692309928571428,0.2672816714285714,0.2795938785714286,0.2634549,0.2766294642857143,0.2720420785714285,0.2708368214285714,0.2739752642857143,0.2683200357142857,0.2754725928571429,0.26816785,0.2701903428571429,0.2664595928571428,0.2708511571428572,0.2619265142857143,0.2755605714285714,0.2740395714285714,0.2706625142857143,0.2767430999999999,0.2865506642857142,0.2831941214285714,0.2781884928571428,0.2811071785714286,0.2764280642857143,0.2829857428571428,0.2807563642857143,0.2869153714285714,0.2899873714285714,0.2863108428571428,0.2858256071428571,0.2861728214285714,0.2899565857142857,0.2870020428571428,0.2864759142857143,0.2885162571428571,0.2867417642857143,0.2828017571428571,0.2843344214285714,0.2799015071428571,0.2832508857142857,0.2827443142857143,0.2819664571428571,0.2823048571428571,0.2786451357142857,0.2762119142857143,0.2759869857142857,0.2779661642857143,0.2789504571428571,0.2787152285714285,0.2789415428571428,0.2782548928571428,0.2812356857142857,0.2838345714285714,0.2859114714285714,0.29030735,0.2993495071428572,0.30443145,0.3101135357142857,0.3154037999999999,0.3178685428571429,0.3187951142857143,0.3190333714285714,0.3202181857142857,0.3257963142857143,0.3305477857142857,0.3350926571428571,0.3419271642857143,0.3476311642857143,0.3537278357142857,0.3600070714285714,0.3649881857142857,0.3709858928571429,0.3801385285714285,0.3888606857142857,0.3983591571428571,0.40831865,0.4161660714285714,0.4250190357142857,0.4316152928571428,0.4349684714285714,0.4364939357142857,0.4384942785714286,0.4413843071428571,0.4429460785714286,0.4419495714285714,0.4447689571428571,0.4471177571428572,0.4519505142857142,0.4578535571428571,0.4634673285714285,0.4706308785714285,0.4738563999999999,0.4762138071428571,0.4790690571428571,0.4780238571428571,0.4775055785714285,0.4764689071428571,0.4777398714285714,0.4749224642857143,0.4802241714285714,0.4857881071428571,0.4910811928571428,0.4907886785714286,0.4933725785714286,0.4992419857142857,0.5127081357142858,0.5288776214285714,0.5548501214285714,49.91,1,False
sample9,X4,0.3863280801324503,0.361898959602649,0.3423630344370861,0.3232704662251655,0.3097888927152318,0.2953113483443709,0.2855681649006622,0.2831885145695364,0.2767933370860927,0.2760223695364238,0.2719611370860927,0.2721983178807947,0.268647080794702,0.2698260072847682,0.2726551039735099,0.2719309516556291,0.2721051721854305,0.2689078662251655,0.267827317218543,0.2712754562913907,0.2647669178807947,0.2686848536423841,0.2665804483443709,0.2656137291390728,0.2667063529801324,0.2650778609271523,0.2673210562913907,0.2651050874172185,0.2662524549668874,0.2655754735099337,0.2676879721854304,0.2652575860927152,0.2711970450331126,0.2732797198675497,0.2730865079470198,0.2763938807947019,0.2836099059602649,0.2836808145695364,0.2784837708609272,0.2759576582781456,0.2732690298013245,0.2764794026490066,0.2775764887417218,0.281357976821192,0.284025059602649,0.2834282576158941,0.2830339655629139,0.2830719231788079,0.2851133185430463,0.2853621324503311,0.2860917635761589,0.2872649668874172,0.2864345927152318,0.2847823225165563,0.2853221503311258,0.284112098013245,0.2856017178807947,0.285684498013245,0.2849133894039735,0.2839697304635761,0.2813386350993377,0.2791260046357616,0.2778252,0.2777153966887417,0.2773057562913907,0.2763254125827815,0.2755231622516556,0.2746551728476821,0.2757689523178808,0.2778517947019868,0.2806029026490066,0.2854204536423841,0.2927532973509933,0.2989046225165562,0.304702055629139,0.3095860370860926,0.3125922145695364,0.3144479185430463,0.3160022754966887,0.318310053642384,0.3226400529801325,0.3279394417218543,0.3343827165562913,0.3423978456953642,0.3497022629139072,0.3560042483443709,0.3617390112582781,0.367432938410596,0.3743422649006622,0.3833355284768212,0.3930805556291391,0.4032051516556291,0.4129637947019867,0.4213746331125828,0.4291974264900662,0.4350545741721854,0.4386232814569537,0.4406955953642384,0.4423112582781457,0.4436375086092715,0.4440892390728477,0.4436987456953642,0.4449181013245034,0.4467286523178807,0.4507577086092715,0.4566259913907285,0.4626264198675497,0.4679529437086092,0.4707183245033113,0.4723148278145695,0.4733516556291391,0.4725238344370861,0.4711011894039735,0.4693673165562914,0.4686514198675496,0.4677337509933774,0.471257140397351,0.476573163576159,0.4803263337748344,0.4800160503311259,0.4796174450331126,0.4810942589403973,0.4856056291390728,0.4901929417218543,0.4957971602649006,49.91,1,False
