sample_id,group,domain,target,NIR__908.1,NIR__914.294,NIR__920.489,NIR__926.683,NIR__932.877,NIR__939.072,NIR__945.266,NIR__951.46,NIR__957.655,NIR__963.849,NIR__970.044,NIR__976.238,NIR__982.432,NIR__988.627,NIR__994.821,NIR__1001.015,NIR__1007.21,NIR__1013.404,NIR__1019.598,NIR__1025.793,NIR__1031.987,NIR__1038.181,NIR__1044.376,NIR__1050.57,NIR__1056.764,NIR__1062.959,NIR__1069.153,NIR__1075.348,NIR__1081.542,NIR__1087.736,NIR__1093.931,NIR__1100.125,NIR__1106.319,NIR__1112.514,NIR__1118.708,NIR__1124.902,NIR__1131.097,NIR__1137.291,NIR__1143.485,NIR__1149.68,NIR__1155.874,NIR__1162.069,NIR__1168.263,NIR__1174.457,NIR__1180.652,NIR__1186.846,NIR__1193.04,NIR__1199.235,NIR__1205.429,NIR__1211.623,NIR__1217.818,NIR__1224.012,NIR__1230.206,NIR__1236.401,NIR__1242.595,NIR__1248.789,NIR__1254.984,NIR__1261.178,NIR__1267.373,NIR__1273.567,NIR__1279.761,NIR__1285.956,NIR__1292.15,NIR__1298.344,NIR__1304.539,NIR__1310.733,NIR__1316.927,NIR__1323.122,NIR__1329.316,NIR__1335.51,NIR__1341.705,NIR__1347.899,NIR__1354.094,NIR__1360.288,NIR__1366.482,NIR__1372.677,NIR__1378.871,NIR__1385.065,NIR__1391.26,NIR__1397.454,NIR__1403.648,NIR__1409.843,NIR__1416.037,NIR__1422.231,NIR__1428.426,NIR__1434.62,NIR__1440.814,NIR__1447.009,NIR__1453.203,NIR__1459.398,NIR__1465.592,NIR__1471.786,NIR__1477.981,NIR__1484.175,NIR__1490.369,NIR__1496.564,NIR__1502.758,NIR__1508.952,NIR__1515.147,NIR__1521.341,NIR__1527.535,NIR__1533.73,NIR__1539.924,NIR__1546.119,NIR__1552.313,NIR__1558.507,NIR__1564.702,NIR__1570.896,NIR__1577.09,NIR__1583.285,NIR__1589.479,NIR__1595.673,NIR__1601.868,NIR__1608.062,NIR__1614.256,NIR__1620.451,NIR__1626.645,NIR__1632.839,NIR__1639.034,NIR__1645.228,NIR__1651.423,NIR__1657.617,NIR__1663.811,NIR__1670.006,NIR__1676.2
X1_sample1,sample1,X1,40.15,0.2666716379310345,0.2649954,0.2628224551724138,0.2616575068965517,0.24965609655172413,0.23912171379310343,0.2338776,0.2277910793103448,0.22701119655172414,0.22391887931034482,0.22554219310344828,0.22522215172413795,0.22870988275862067,0.22876767931034483,0.22742115172413796,0.22930182068965516,0.23058685517241378,0.23322690689655173,0.2339896068965517,0.23004804137931034,0.2340289896551724,0.22954052758620688,0.2302071551724138,0.23004226551724138,0.22885964827586205,0.2306020103448276,0.22762401379310346,0.2295375206896552,0.2285553551724138,0.22947521724137931,0.22832467586206895,0.23127653103448276,0.22955206896551722,0.2341793,0.23748094827586205,0.2389372517241379,0.24445498965517243,0.2500879206896552,0.2470789275862069,0.2427350551724138,0.24569192068965517,0.2485129896551724,0.255039775862069,0.25822488620689654,0.2617238896551724,0.26459490344827585,0.26242057241379313,0.25840650344827587,0.25438061379310345,0.25429576551724137,0.2527766655172414,0.24893551034482758,0.24608664482758622,0.2452905,0.24465411379310345,0.2469690379310345,0.2474821724137931,0.24883087241379312,0.24921687931034484,0.2486925103448276,0.24930942758620692,0.24935471379310345,0.2492321655172414,0.24898822413793104,0.24931173448275862,0.25013937586206897,0.2505342137931034,0.2514965965517241,0.25242754482758617,0.2546630206896552,0.25899104137931034,0.26496257241379306,0.27160020344827585,0.27930627931034485,0.2850919413793104,0.2887017896551724,0.2906208034482759,0.2913530620689655,0.29159162413793105,0.29123738620689654,0.28961779310344826,0.28928677586206897,0.2903013931034483,0.2926915620689655,0.29707975517241375,0.3013265827586207,0.3068395620689655,0.3160965586206897,0.32874417931034483,0.3439416551724138,0.3620260551724138,0.3806380827586207,0.39838224137931033,0.4153989620689655,0.42961415862068963,0.4401227275862069,0.4464625586206897,0.4492231517241379,0.44961612758620695,0.4488407,0.44827055517241376,0.4490542655172414,0.4494848551724138,0.4524128827586207,0.45811927241379313,0.4673519586206897,0.47823281724137934,0.4864364517241379,0.4924779965517241,0.49540602413793106,0.4956187344827586,0.4948028,0.4906718551724138,0.4854636620689655,0.4801232310344828,0.47820503448275864,0.4767383275862069,0.47741562068965515,0.47590607586206896,0.4710785275862069,0.4621695275862069,0.4502262310344828,0.4320012724137931,0.4081806068965517,0.38000325172413796
X1_sample2,sample2,X1,39.93,0.2453350875,0.2486016875,0.25066041875,0.2528614875,0.244592375,0.236566425,0.23327253125,0.22816510625,0.22840839375,0.2260121,0.2289345625,0.2295933375,0.23384595,0.2339668625,0.23173755625,0.2325593,0.2326318875,0.23412794375,0.23405871875,0.2293175375,0.23315229375000002,0.2283120625,0.22907551250000002,0.2291083625,0.227997625,0.22999028125,0.22706354375,0.228979,0.2279271875,0.22876526249999998,0.22739355625,0.23031863125,0.228039025,0.23221635625,0.23522071875,0.23615756875,0.2405072,0.24534239375,0.242663575,0.23808969375,0.239744275,0.2406698625,0.24506903125,0.2465404,0.24882170625,0.25206741875,0.25277325625,0.2532436,0.2534717,0.2558513125,0.25644386875,0.2549616125,0.253041,0.25143714375,0.24868190625,0.24893115625,0.24729680625,0.24711256875,0.24665756875,0.24517115625,0.2451456375,0.2445898,0.24384549375,0.2430384125,0.24312016875,0.2436979375,0.2442512,0.2456317625,0.2468727875,0.24939187499999999,0.253918175,0.25974898750000003,0.26584791875,0.272921475,0.27804554375,0.28137625,0.2835958125,0.28535484375,0.28818683125,0.29268574375,0.29846525,0.3077300125,0.32034213125,0.3330763,0.3443190375,0.35195169375,0.35700264375,0.361555125,0.3657337375,0.36961300625,0.37452576875,0.3789475,0.38219241875,0.3845518375,0.38533268125,0.38564031875,0.3860469125,0.3867976625,0.3869801125,0.3865962,0.38625818125,0.38702263125,0.38702349375,0.38759911875,0.3886660375,0.39072995625,0.39257478125,0.39280164375,0.39284665625,0.392709625,0.39177969375,0.39138708125,0.38966078125000003,0.38771013125,0.3855791,0.38599543125,0.3867411625,0.39039541875,0.3916697125,0.389435525,0.38276380625,0.3729946,0.3569231375,0.33477734375,0.307310375
X1_sample3,sample3,X1,59.66,0.33971993125,0.3415078875,0.34187143125,0.34280531875,0.3316550625,0.3223387125,0.3180628,0.3110955,0.31126486875,0.3076842,0.31030713125000003,0.30992851875,0.3146336375,0.314418725,0.31210331874999997,0.31374866875,0.31430779375,0.31701035625,0.3175035875,0.3118728625,0.31718114375,0.3114066875,0.31277303125,0.31300915625,0.31169045625,0.314314875,0.31091938125,0.3138247375,0.3128992,0.314420875,0.31318730625,0.31746633750000003,0.31549355625000003,0.3218752375,0.3262762125,0.32790274375,0.33422419375,0.34033221875,0.335592875,0.328117225,0.3295533375,0.3305920625,0.3363335375,0.33781071875,0.33966225,0.341124125,0.33831333750000003,0.334442775,0.33088110625,0.33174961875,0.33103369375,0.32794204375,0.32557328125,0.32488803125,0.32379644375,0.32623016875,0.32613753125,0.32726145,0.327298075,0.32633393125,0.32729086875,0.32773861875,0.328002475,0.32793025,0.32837723125,0.32917195,0.329285225,0.33003205625,0.33035425,0.3319726375,0.33585994375,0.34110835,0.3463483125,0.35261304375,0.3572351875,0.36067729375,0.3630253125,0.36416829375,0.365118575,0.3651157125,0.36319925000000003,0.3622556375,0.3622462,0.36299135625,0.36550200625,0.36733125,0.3696923625,0.3751511875,0.38331014375,0.39327168125,0.4058867125,0.4189822375,0.431430775,0.443888775,0.4544776875,0.4631451,0.4697299125,0.4744357375,0.47720531250000003,0.47824775625,0.4789141,0.48081978125,0.4818614875,0.484928825,0.490253375,0.49853660625,0.50776506875,0.51397198125,0.51870015625,0.52142881875,0.52244474375,0.52354605,0.52260195,0.520933175,0.5189558937500001,0.5209361625,0.5229297875,0.52816270625,0.5301222125,0.52823196875,0.5207972249999999,0.509901575,0.4920991875,0.4682445625,0.43820024375
X1_sample4,sample4,X1,60.03,0.25493424,0.2567536066666667,0.25762320666666666,0.25900536,0.24924852,0.24014144666666667,0.23571951333333332,0.23020802,0.23015296666666665,0.22732859333333336,0.22982107999999998,0.23015036,0.23425552,0.23422742666666665,0.23207196666666666,0.23280488666666665,0.23289667333333333,0.23439579333333332,0.23427578666666668,0.22944589333333332,0.23351690666666666,0.22903507333333334,0.23009662,0.23042836,0.22953592666666667,0.23170520666666666,0.22887317333333332,0.23098042,0.23006623333333334,0.23117334000000003,0.23015954666666666,0.23374386666666666,0.23277434000000002,0.23904362666666668,0.24316718,0.24527772666666667,0.25211470666666663,0.25772552,0.25290687333333334,0.24560162666666668,0.24602688,0.24662230666666668,0.25102952,0.2520488866666667,0.25341832,0.25490683333333336,0.25380254,0.25314321333333334,0.25318041333333335,0.25558584666666667,0.25577718666666666,0.25367770666666667,0.2510689933333333,0.24925202000000002,0.24674373333333335,0.24754525333333335,0.24653857333333334,0.24691398,0.24666812666666665,0.24557654666666667,0.24616629333333334,0.24639936666666667,0.24657881333333334,0.2466711,0.24723912666666664,0.24810480000000001,0.24843990000000002,0.24934309999999998,0.2501008066666667,0.25207436666666666,0.25607631333333336,0.26147665999999997,0.26700994,0.27312763333333334,0.2776571,0.2812700733333333,0.2840203333333333,0.2860396333333333,0.28870236666666665,0.2919313333333333,0.2951978066666667,0.3009521733333333,0.30964694666666664,0.3185155866666667,0.32645461333333337,0.3314981466666667,0.3345356666666667,0.33746092,0.34035607333333334,0.34314674,0.3470824533333333,0.3507196066666667,0.3534800066666667,0.35601037333333335,0.35773254,0.3599163266666667,0.3631828133333333,0.36733546666666667,0.3709947066666667,0.37324666666666667,0.37485683999999997,0.37709712666666667,0.3783890133333333,0.3803820466666667,0.38324521333333333,0.38744404666666665,0.39123547333333336,0.39269173333333335,0.3936992866666667,0.39460258666666664,0.3953439733333333,0.39723354,0.39820538,0.3990065933333333,0.39934050666666665,0.40317783999999995,0.4074889933333333,0.4151200133333333,0.41920540666666667,0.41920440666666664,0.41351806,0.40485467999999997,0.38990860666666666,0.36858502000000004,0.34082142666666665
X1_sample5,sample5,X1,50.15,0.24245955581395348,0.24426306162790698,0.24534768488372094,0.24684881162790695,0.23785888372093023,0.22913830465116278,0.2253322965116279,0.22006235581395348,0.21978853720930233,0.21725139534883722,0.21932932325581395,0.21958798372093022,0.2233407476744186,0.2230911546511628,0.22116156976744183,0.22176771395348835,0.22182519186046512,0.22327344418604653,0.22317866627906977,0.21873171511627906,0.22248832906976743,0.21812612906976744,0.21903511627906977,0.2192145430232558,0.21828238255813953,0.22014103023255813,0.21732970116279068,0.21923062674418606,0.2182261906976744,0.21902556860465117,0.21795420465116278,0.22100313255813955,0.2198165895348837,0.22507042325581395,0.2286164965116279,0.23044949418604652,0.23651091395348836,0.24166891976744187,0.23749881511627907,0.23136638255813952,0.2320334534883721,0.23273612906976746,0.23683151627906976,0.23801580697674415,0.23964399883720933,0.2415478895348837,0.24098846860465115,0.24058516860465115,0.24053412906976746,0.24276473139534885,0.2435263476744186,0.24229636976744187,0.24054911976744187,0.23920701279069767,0.23708052674418606,0.2378860523255814,0.23705040697674418,0.23749966511627904,0.23742926395348837,0.23655985465116278,0.23702727558139536,0.23703308604651163,0.23694647558139537,0.23681963488372093,0.23720204069767445,0.23796482325581395,0.2384020372093023,0.23942106162790697,0.24029658255813954,0.2423631476744186,0.24639601279069767,0.2518699406976744,0.2576722,0.2641752302325581,0.2689182302325581,0.2722732604651163,0.27449397325581393,0.2760677802325581,0.27855376279069766,0.2824105360465116,0.2871410918604651,0.2949157023255814,0.30594176627906977,0.3173717232558139,0.32765683837209303,0.33467037093023255,0.3393176918604651,0.3435995069767442,0.3476836197674419,0.35155628139534884,0.3564023046511628,0.36094672906976744,0.36452203023255814,0.36746998720930235,0.3691564918604651,0.3708184418604651,0.37314111046511633,0.3759572046511628,0.3782371151162791,0.3795607034883721,0.3805994488372093,0.38239794418604656,0.3833847918604651,0.38511675813953494,0.3873827232558139,0.39084978837209305,0.3940252779069768,0.39498087558139533,0.3956228662790698,0.39607062209302324,0.39608261279069773,0.3970205395348837,0.39691637441860467,0.396489323255814,0.3958377488372093,0.3981068476744186,0.401171238372093,0.4074831244186047,0.4104520023255814,0.4096298593023256,0.40353853720930233,0.39505922790697673,0.3807074197674418,0.35990270348837206,0.33320975813953485
X1_sample6,sample6,X1,49.89,0.3023130789473684,0.3019588368421053,0.3007511210526316,0.3002553,0.28834295263157894,0.27812023684210524,0.2731394789473684,0.2664919736842105,0.26597132631578946,0.2625667736842105,0.2644266736842105,0.2638141789473684,0.2677647631578947,0.26751103684210525,0.26556656842105264,0.26715741052631575,0.2679140105263158,0.2704537052631579,0.27097744736842105,0.26621956315789475,0.27085434210526316,0.2657317631578947,0.26666625789473686,0.26675623157894734,0.2654678894736842,0.2675543210526316,0.2643613052631579,0.2667622263157895,0.26575833157894735,0.26689526842105266,0.2656264263157895,0.26927105263157897,0.2674336,0.2728531894736842,0.27667183157894737,0.2783094578947369,0.28436591052631577,0.29031284736842106,0.28621958421052635,0.2801157,0.28216544736842103,0.28399167894736843,0.29000813157894734,0.2922705315789474,0.29486852631578947,0.2968968157894737,0.29431835263157896,0.29031823157894737,0.2865514947368421,0.2868880105263158,0.28573423157894734,0.2822155157894737,0.27953166315789474,0.2787865947368421,0.27793236315789477,0.28035562105263157,0.28063423684210526,0.2819242,0.28215634736842105,0.28152062105263154,0.2823309526315789,0.28261636315789473,0.2826913947368421,0.28255999473684207,0.28293778421052634,0.2837052210526316,0.28388486315789474,0.28462417368421056,0.28518297368421053,0.28699617894736845,0.29097988947368425,0.29653925789473684,0.30251964210526316,0.30953091052631576,0.31482904736842104,0.31844615263157894,0.3206449842105263,0.3215926789473684,0.3221496105263158,0.3219332,0.3200416052631579,0.31939287368421054,0.3198853789473684,0.3215199578947368,0.3251031947368421,0.3282991210526316,0.3324942684210526,0.340300547368421,0.35138527894736843,0.36481650000000004,0.38116087368421053,0.3980897052631579,0.4142946631578947,0.4300678736842105,0.4433686263157895,0.4537208789473684,0.4607249526315789,0.46474222105263163,0.46642723684210524,0.4667355052631579,0.46683843684210524,0.4682811157894737,0.46913835789473685,0.4724096263157895,0.4782460315789474,0.48757907368421055,0.4983091631578947,0.505935252631579,0.5116753842105263,0.5147218684210526,0.5153550631578948,0.5156267421052632,0.5129233315789473,0.5092418736842105,0.5057046947368421,0.5056402105263157,0.505914652631579,0.5093730157894737,0.5100045210526316,0.5066101736842106,0.49838584210526315,0.48703404736842104,0.4690716315789474,0.4451507894736842,0.4157153789473684
X1_sample7,sample7,X1,39.66,0.27912698947368425,0.28070534210526316,0.28109075789473686,0.28238866315789474,0.2722243,0.26312565789473685,0.25901484736842106,0.2532987052631579,0.2531932684210526,0.2502413,0.2525750315789474,0.2525282263157895,0.2566682052631579,0.2564574789473684,0.25435397368421053,0.2554425052631579,0.2559565052631579,0.25798552105263156,0.25822064736842104,0.2533389157894737,0.2575724789473684,0.2524333631578947,0.2532231157894737,0.25327243684210526,0.25212228421052635,0.2541260052631579,0.2510384789473684,0.2532718263157895,0.2522399789473684,0.2531717631578947,0.25186474210526316,0.2550575263157895,0.2527787473684211,0.2572311105263158,0.26052917894736843,0.26150281578947365,0.26638996315789476,0.27165837368421053,0.26847223157894734,0.2634454842105263,0.26557250000000004,0.2670658052631579,0.27241293684210527,0.2744307052631579,0.2770785789473684,0.28001816315789474,0.2789813263157895,0.2770336789473684,0.2750317684210526,0.27630071052631583,0.27589277368421056,0.27335875789473685,0.27110785789473685,0.2699250105263158,0.2681516842105263,0.2695538157894737,0.2688754421052632,0.2694613894736842,0.2693856263157895,0.26827546315789474,0.2686400789473684,0.2684309631578947,0.26799584210526317,0.26741537894736844,0.2675849157894737,0.26820463684210527,0.2685742789473684,0.26965591052631577,0.27056294210526316,0.2727437789473684,0.27702721578947365,0.28280122105263156,0.28897379473684215,0.29620563684210527,0.3014963526315789,0.3049101157894737,0.3068902210526316,0.3080335210526316,0.30950981578947373,0.3114050263157895,0.3134630842105263,0.3179140631578948,0.3253885,0.3336631052631579,0.3419054631578947,0.34791418421052633,0.3529138263157895,0.3591948842105263,0.36685385789473685,0.3755710842105263,0.3864291631578947,0.39759112631578947,0.4079598263157895,0.4178703157894737,0.4256091526315789,0.43135079473684207,0.43511808421052633,0.43704184736842105,0.43738715789473687,0.4369097947368421,0.4364943052631579,0.43732484736842103,0.4375914210526316,0.4395973157894737,0.44322797894736843,0.44935357894736844,0.45643058947368426,0.4610396263157895,0.46453001578947367,0.46607458421052633,0.46576516315789473,0.46526180526315786,0.4622105789473684,0.45839794210526313,0.45459578947368423,0.45376887368421054,0.45321958421052627,0.45510963684210526,0.4549838842105263,0.4512476263157894,0.4432622631578948,0.4319801210526316,0.41417458947368424,0.39054934210526315,0.3620085052631579
X1_sample8,sample8,X1,59.3,0.251948,0.25197390000000003,0.25140354666666664,0.2515962666666667,0.24031517333333333,0.22998083333333333,0.22503750666666666,0.21884428,0.21824740666666667,0.21524562,0.21715434,0.21713364666666665,0.22087718,0.22082827333333332,0.21884515333333335,0.21972068666666666,0.22020870666666667,0.2220718,0.22215565333333334,0.21753102666666668,0.22174018666666667,0.21714233333333333,0.21820790666666667,0.21839165333333332,0.21747150666666668,0.21955057333333333,0.21665495333333334,0.21881542666666667,0.21789280666666666,0.21902897333333332,0.21807451333333333,0.2216602066666667,0.22072909999999998,0.22716472666666665,0.23143997333333333,0.23375686,0.24123726,0.24721368000000002,0.2419083,0.23423485333333333,0.23477052666666667,0.23577107333333333,0.24069817999999998,0.24223748666666667,0.243781,0.24454142,0.24210979333333332,0.23922791333333335,0.23705927333333332,0.23840828666666666,0.23832375333333333,0.23635277999999998,0.23430394000000002,0.23328188666666666,0.2319346466666667,0.23370156,0.23366852666666665,0.23476631333333334,0.23492807333333332,0.2343104666666667,0.23518333333333336,0.23578472,0.23629922666666667,0.23669536000000002,0.23754044000000002,0.23858714,0.23899317333333334,0.23987625333333332,0.24061224666666667,0.24261776666666668,0.24672620666666667,0.25240896,0.2583819933333333,0.2649949933333333,0.2700234066666667,0.27392917333333333,0.27658009333333333,0.27811418,0.27984570000000003,0.2816194,0.2827810333333333,0.28537887333333334,0.2905495066666667,0.29659382,0.3029224266666667,0.3072509533333333,0.31064942,0.31526824,0.3213199066666667,0.32847276666666664,0.33775478,0.34744700666666667,0.35657980666666667,0.36568283333333335,0.3734894133333333,0.38044451333333335,0.38664122666666667,0.39198521999999997,0.39595591333333335,0.39830523333333334,0.40001339333333336,0.4024338933333333,0.4041323866666667,0.4074038266666667,0.41245541333333335,0.42002688666666665,0.42800531333333336,0.43298492666666666,0.43667981333333333,0.43913591333333335,0.4404717733333333,0.44207290000000005,0.44217714666666663,0.44172878666666665,0.4408797266666667,0.4438750666666667,0.4475845333333333,0.45481227333333335,0.4582439466666666,0.4574606133333334,0.4507969,0.44173548,0.42630244,0.40392397333333335,0.3749145466666667
X1_sample9,sample9,X1,49.910000000000004,0.22956179285714287,0.22976415714285717,0.2288989,0.2290043,0.2177919642857143,0.20727425,0.2020095142857143,0.19593456428571426,0.19548977142857143,0.19242005714285715,0.19441456428571427,0.19441187857142858,0.19819711428571427,0.19821435714285715,0.19636717142857144,0.19749349285714285,0.19807335,0.1998054214285714,0.19996594285714284,0.1954570142857143,0.1993447642857143,0.19477257142857143,0.1956546285714286,0.1957262214285714,0.1947763642857143,0.19672992142857143,0.19378444285714286,0.19591124999999998,0.19493722142857142,0.19588155,0.19477568571428572,0.1981013857142857,0.1968855642857143,0.20263253571428572,0.2064188,0.20839890714285714,0.21515927142857144,0.22088867142857144,0.21623635,0.20953919285714287,0.2107081857142857,0.21216053571428573,0.21744662142857143,0.21944635714285715,0.22169646428571427,0.22341362857142857,0.22159485714285715,0.21908394285714286,0.21701281428571426,0.21825510714285715,0.21800681428571428,0.21569275714285713,0.2133269857142857,0.21201177142857142,0.21037925714285713,0.21182971428571426,0.21145010714285714,0.21219052142857145,0.21211492857142858,0.21109771428571428,0.21152759285714287,0.21152144285714286,0.21141610714285713,0.21124990714285713,0.21166307857142858,0.21242889999999998,0.21273673571428572,0.21359568571428572,0.2144961,0.21672954285714288,0.22106598571428573,0.22705453571428572,0.23352482142857142,0.24074833571428572,0.24618779285714285,0.2500705857142857,0.25253520714285715,0.2540018714285714,0.25576382142857146,0.2578092285714286,0.25969578571428575,0.26349159285714285,0.26995257857142857,0.27726695,0.2846610428571429,0.2899911642857143,0.29439395,0.30003965,0.30711284285714285,0.31532025714285716,0.32559941428571426,0.33622715000000003,0.3461357,0.3557226142857143,0.36354793571428573,0.36987870714285714,0.37477772857142855,0.3783342642857143,0.3804736928571429,0.3813131214285714,0.38182884999999994,0.38343016428571425,0.3843762714285714,0.38688644285714285,0.3912169071428572,0.39807884285714285,0.4055678214285714,0.41035400714285714,0.41386489285714284,0.4157828214285714,0.4162722357142857,0.41679710000000003,0.41529134285714286,0.4131150571428571,0.4109797357142857,0.41202605000000003,0.41379915,0.41880626428571427,0.4207072,0.4185543,0.4112883785714286,0.40094442142857145,0.3842317142857143,0.36113572857142856,0.3319698
X2_sample1,sample1,X2,40.15,0.22300078582089553,0.23473259925373133,0.242392823880597,0.2505813671641791,0.24128626268656717,0.23249859850746268,0.2289180895522388,0.21750022835820895,0.21949429179104477,0.21348287313432837,0.21833490149253731,0.21762484253731343,0.22619622985074628,0.22585045223880598,0.22128836492537315,0.2246028343283582,0.22597170298507463,0.2319743052238806,0.2332054149253731,0.22298643358208955,0.23347057985074626,0.2226493895522388,0.22493960447761194,0.2251449156716418,0.22272992910447761,0.22754544925373132,0.22149334402985077,0.2271281052238806,0.2257617276119403,0.22890807388059703,0.2262068865671642,0.233620976119403,0.22646496940298508,0.23327854104477613,0.2386953537313433,0.2377459343283582,0.24121072537313434,0.24902893880597013,0.24550669179104476,0.23715617313432835,0.24171348955223879,0.24241266417910448,0.2513482410447761,0.2528555059701492,0.2561155156716418,0.261705023880597,0.25991729925373136,0.2561535089552239,0.2512894947761194,0.25374160447761196,0.2532483395522388,0.2488838194029851,0.24697482985074626,0.24761899626865672,0.24623037014925375,0.2506784656716418,0.24957349701492534,0.251036373880597,0.25107176492537314,0.24907789402985073,0.2502640089552239,0.25007977014925376,0.24904423656716418,0.24683808432835821,0.24608575746268654,0.24617537686567167,0.2457555485074627,0.24673781492537314,0.2463992052238806,0.2482075395522388,0.253301795522388,0.25982659029850746,0.2656575052238806,0.27421837238805974,0.28018933283582087,0.28394832014925375,0.2866875104477612,0.28838341268656714,0.2901433649253731,0.29050053358208955,0.2886952850746269,0.28872438283582086,0.29126835298507464,0.29464845522388056,0.30031422761194027,0.3048857626865672,0.31023487835820895,0.3201656529850746,0.3335917783582089,0.34881035074626865,0.3676785186567164,0.38661729402985073,0.4040572425373134,0.4212541626865672,0.43431523656716414,0.4437762470149254,0.44985392537313434,0.45261539552238805,0.45267353731343285,0.45031165895522385,0.44871016492537313,0.4496932679104478,0.4488819,0.45111906791044776,0.4560929828358209,0.4651584813432836,0.4760742783582089,0.48269175149253735,0.48812855671641786,0.49032767164179103,0.4888191417910448,0.48814098208955226,0.48321000149253734,0.47732375597014925,0.4710035097014925,0.4704534917910448,0.4675990320895522,0.4681584104477612,0.4652913388059702,0.46048007686567166,0.44916044552238804,0.4335916895522388,0.4079721134328358,0.3741869029850746,0.33022953880597017
X2_sample2,sample2,X2,39.93,0.19820832714285713,0.2152990557142857,0.22805086,0.24003265785714284,0.23512172071428575,0.22941966428571428,0.22837264214285716,0.2170841942857143,0.22065571785714286,0.21489553071428572,0.22134083214285716,0.22152192071428572,0.23141662642857144,0.23091910357142856,0.22521231785714285,0.22775748214285715,0.22792023142857143,0.23354492214285716,0.23418506714285714,0.22241572785714284,0.23366124214285716,0.22165809357142857,0.2241608264285714,0.2244890392857143,0.22185299785714285,0.22703419785714285,0.22048993357142857,0.226488145,0.22485111714285716,0.2282157107142857,0.22517473571428573,0.23323961357142856,0.22506079,0.23194115785714287,0.23759589142857146,0.2360577357142857,0.2384188614285714,0.2457485635714286,0.24251755642857142,0.23345622142857145,0.23658681857142858,0.23492946285714286,0.24179836714285713,0.24120005928571428,0.24304444142857143,0.24882043857142858,0.24964083571428572,0.2500927242857143,0.2492712192857143,0.2541266592857143,0.25619890500000003,0.25389164571428574,0.2531613935714286,0.2533682121428571,0.25017315928571426,0.25303488214285713,0.24993866214285712,0.2502737585714286,0.2497639557142857,0.24700922642857143,0.24790098500000002,0.24730888928571426,0.24569845999999998,0.24287267357142858,0.24165853928571426,0.24147096571428572,0.24099445785714288,0.2421675857142857,0.24172085285714284,0.24346931,0.24852545571428572,0.25472471857142853,0.2596846257142857,0.26742380285714284,0.27236937857142857,0.27549548071428576,0.2782487542857143,0.28067106714285717,0.28468917357142853,0.2900230614285714,0.29510289714285715,0.3045653521428571,0.319093645,0.333153575,0.3460258092857143,0.3538315092857143,0.35846639571428573,0.36358103214285714,0.36836620785714286,0.3721241592857143,0.3779128078571429,0.38262229642857143,0.3857769892857143,0.3884471785714286,0.3885802114285714,0.3884090121428571,0.3888376192857143,0.3900368864285714,0.3899995671428571,0.38823092000000003,0.3869582542857143,0.38802653428571426,0.38673482214285715,0.3866807942857143,0.38697756071428574,0.3888608592857143,0.3908796192857143,0.38976685,0.3893785607142857,0.3886825285714286,0.38636600071428573,0.386048025,0.38352499642857146,0.3809135992857143,0.37739322214285714,0.378909485,0.3784174635714286,0.3816294692857143,0.38184768214285714,0.37928852071428576,0.3701059878571428,0.35661811428571427,0.33316821214285713,0.30079348642857145,0.25684667714285714
X2_sample3,sample3,X2,59.66,0.2853950170212766,0.30365523829787233,0.31584169078014185,0.3275916510638298,0.3194499595744681,0.3138046361702128,0.3129757957446809,0.2980582971631206,0.3021843723404255,0.29406622553191486,0.3009984368794326,0.2999452489361702,0.3118166730496454,0.3105279709219858,0.3037240134751773,0.3076241879432624,0.308573895035461,0.31656233687943264,0.3181757510638298,0.3038460964539007,0.3187056276595745,0.3037461269503546,0.3072171205673759,0.3075827219858156,0.3041573815602837,0.31056053120567373,0.3022912333333333,0.31007683475177306,0.30815918723404256,0.31285281134751775,0.3094722475177305,0.3206217617021277,0.3109849794326241,0.3211796680851064,0.32938499716312053,0.32817794822695034,0.3321564304964539,0.3421059510638298,0.33692869219858157,0.32388127304964537,0.32758989361702123,0.3251539503546099,0.334006775177305,0.33251104893617023,0.3334960510638298,0.3378442709219858,0.33478797021276596,0.33043305319148936,0.32487649007092195,0.3288349340425532,0.32916370212765955,0.3250928234042553,0.32416864326241135,0.32576265248226954,0.3240678290780142,0.3300739319148936,0.3283911418439716,0.33043455460992904,0.33072419361702127,0.3286519120567376,0.3312383744680851,0.3319573631205674,0.33148799574468085,0.32913667943262415,0.32833110283687944,0.3282760014184397,0.327291195035461,0.32786722553191494,0.32603748652482273,0.3269406014184397,0.3312463035460993,0.33680388581560283,0.3402847482269504,0.3470510439716312,0.35122955177304965,0.3540567156028369,0.35695105673758865,0.3588765765957447,0.3613778191489362,0.36201181914893615,0.35934532836879435,0.358766819858156,0.360491095035461,0.3624806269503546,0.3667240404255319,0.3689142340425532,0.37110852907801417,0.377530770212766,0.3868335765957447,0.3969459744680851,0.4107770886524823,0.424603909929078,0.437037980141844,0.45023092056737585,0.4599763496453901,0.4680244127659574,0.47484506950354605,0.4802984312056738,0.4826698758865249,0.4825504921985816,0.48201256170212764,0.48446641843971633,0.4840652829787234,0.48661606879432623,0.49113410212765957,0.4993364297872341,0.5086911531914894,0.5130657858156028,0.5172191624113475,0.5191003787234043,0.5179746624113475,0.5193103290780141,0.5172812638297872,0.5146966489361702,0.5107610035460993,0.514170439716312,0.5143090985815604,0.5190781645390071,0.5195725574468085,0.517589539716312,0.5070956531914894,0.4920491212765957,0.46604908085106383,0.43185247517730496,0.3845315638297872
X2_sample4,sample4,X2,60.029999999999994,0.20638855460992908,0.22282762624113475,0.23477090212765958,0.24634076879432623,0.23997877517730498,0.2334627134751773,0.23154282127659576,0.21928778368794324,0.2225073170212766,0.21607914468085107,0.22231919290780142,0.22193601985815603,0.23200629929078015,0.23129225177304963,0.22543909787234043,0.22800658581560282,0.22823892907801419,0.23414151276595743,0.23481730283687946,0.22282015460992907,0.2347153283687943,0.22254679432624114,0.22553303758865248,0.22600647517730496,0.22342998014184398,0.22882334822695036,0.22210475390070922,0.22840203687943264,0.22677960638297873,0.23048206808510638,0.22771302269503546,0.23679148368794323,0.22959517517730493,0.2388447631205674,0.24600106666666668,0.24559425319148936,0.2502612361702128,0.2588371723404255,0.25346956524822695,0.241416504964539,0.2434495234042553,0.24130543758865247,0.24829377659574467,0.24701640141843972,0.24792246737588652,0.251958104964539,0.2508829744680851,0.25002466170212767,0.2487048163120567,0.2536636609929078,0.2552960638297872,0.25228281773049643,0.250861224822695,0.2509638184397163,0.24808122765957447,0.25170753333333334,0.24927862978723406,0.25025915177304964,0.2500572390070922,0.24781440496453902,0.2495369106382979,0.24979486737588652,0.24917062127659576,0.2471725390070922,0.24655085744680852,0.24656342624113475,0.2458683808510638,0.24656357304964538,0.24551061773049646,0.24676314680851064,0.2512218106382979,0.2569619780141844,0.2611795085106383,0.2679137007092198,0.27226064964539004,0.2755068333333333,0.2788120609929078,0.2815444510638298,0.2854644,0.2895389439716312,0.2920819829787234,0.297911804964539,0.30852170921985816,0.31861822978723403,0.32817670780141844,0.33337290638297873,0.3360654198581561,0.33957912482269503,0.3431131858156028,0.3458139716312057,0.35061160212765957,0.354576395035461,0.35722437872340423,0.36022650921985816,0.36135605319148933,0.36312087517730496,0.3665594985815603,0.37134555390070917,0.37471465248226954,0.3756857929078014,0.3761800411347518,0.3787523156028369,0.37876716737588656,0.38026239574468085,0.3824077879432624,0.38651420141843973,0.39017576028368794,0.39040463049645385,0.39097092553191487,0.3913657985815603,0.39056559716312056,0.39248259007092196,0.3927501269503546,0.3929728808510638,0.3916210787234043,0.39666452836879434,0.3994842815602837,0.4068049170212766,0.4096027553191489,0.40939977801418437,0.4010109879432624,0.38847641560283686,0.3658558234042553,0.3341114184397163,0.2892966645390071
X2_sample5,sample5,X2,50.15,0.203414811790393,0.217926527510917,0.22872876113537116,0.23912839301310043,0.23296285851528387,0.2260031192139738,0.22387944279475985,0.213341476419214,0.21597906768558953,0.2105332899563319,0.21601822401746723,0.21595461004366812,0.22480670174672487,0.22414307554585156,0.21905822925764193,0.221135576419214,0.22132718165938864,0.22626228777292576,0.2267878598253275,0.21619504279475982,0.22642682925764193,0.21574479694323143,0.21822577030567686,0.21863434978165938,0.21639415938864628,0.22107110480349346,0.21504927947598254,0.22044430873362447,0.218847607860262,0.22177488340611357,0.21908044366812227,0.22654680524017468,0.21998043013100435,0.2275314729257642,0.2333895,0.2329968423580786,0.2371614192139738,0.24475258340611353,0.24021980655021832,0.23023441266375547,0.23246559650655022,0.23106966331877732,0.2375835,0.23710736899563317,0.2385156593886463,0.2428647903930131,0.24253020174672488,0.24215012358078603,0.24110134759825327,0.24544329956331878,0.24728865545851528,0.24514672620087335,0.24414660960698692,0.24407372183406112,0.24119018384279475,0.24398462314410482,0.2415589943231441,0.2421934668122271,0.24187662183406114,0.23965559301310044,0.24081395327510918,0.24070881659388646,0.23984837248908297,0.23792402052401748,0.23737003362445416,0.23754244235807861,0.2372725711790393,0.23834690786026203,0.23802359694323144,0.23973132532751093,0.24458118122270742,0.250717915720524,0.2558100240174672,0.26320600873362443,0.2681035689956332,0.27150247074235806,0.2744555152838428,0.27683435240174675,0.280525447161572,0.28524014323144103,0.28944931790393014,0.2974533969432315,0.3102058589519651,0.3227607401746725,0.3343975655021834,0.34139899956331876,0.3454519777292577,0.3499357074235808,0.3542390812227074,0.3577014515283843,0.3630574572052402,0.36758018340611354,0.3707007537117904,0.3736151545851528,0.37445826288209605,0.3754391864628821,0.377549007860262,0.3806467676855895,0.3824394781659389,0.3825798965065502,0.3824397716157205,0.3843445558951965,0.3840962589519651,0.38516723144104803,0.3867738886462882,0.39017726593886465,0.3932763938864629,0.39330948733624455,0.39362052052401747,0.3937488,0.3926297650655022,0.39369516812227073,0.39306815982532756,0.3923625681222707,0.39043964934497816,0.3940349930131004,0.39603152882096065,0.40225951877729255,0.4043987441048035,0.40348169432314407,0.39514242139737993,0.3832120152838428,0.3616847148471616,0.33097214323144103,0.2885267187772926
X2_sample6,sample6,X2,49.88999999999999,0.25373098497109825,0.2686117161849711,0.2781597676300578,0.28807693757225433,0.2788588768786127,0.27139658901734104,0.2689436572254335,0.2553572329479769,0.2583342190751445,0.2509685156069364,0.25690213294797687,0.2557249976878613,0.26589237514450864,0.2649694907514451,0.25914695606936416,0.26259554971098265,0.26373954682080925,0.27059742138728327,0.2719283450867052,0.25954013988439306,0.27225936705202314,0.25923903988439306,0.2621140971098266,0.2622878473988439,0.25936089768786125,0.2648944219653179,0.2576233653179191,0.26432315317919075,0.2625927179190751,0.2663951578034682,0.26327302196531793,0.2725706283236994,0.2641455063583815,0.2726010005780347,0.27943165028901734,0.27845025895953757,0.28236231387283234,0.2914001786127167,0.2869007375722543,0.2760675676300578,0.280104625433526,0.27918990635838153,0.28810773872832374,0.288043350867052,0.29006161156069366,0.2949882046242775,0.2924751156069364,0.2883185057803468,0.28302631907514453,0.2861664445086705,0.28598680231213874,0.28156575086705204,0.280023710982659,0.28101384104046245,0.27942036416184973,0.2845967173410405,0.28319048728323704,0.28493123063583814,0.2851292890173411,0.28313583063583814,0.28506807861271677,0.2853621976878613,0.2846784907514451,0.28244137630057803,0.2816758485549133,0.28172364104046244,0.28102942543352605,0.28176749306358384,0.28064887514450865,0.2819651861271676,0.2866122167630058,0.2926748676300578,0.2974187838150289,0.3051761317919075,0.31037027861271677,0.313825425433526,0.3166921387283237,0.3185402,0.3206761924855491,0.32111958959537573,0.31874339132947976,0.31842792196531794,0.3205500976878613,0.3232496005780347,0.3282801612716763,0.3317915520231214,0.3357481838150289,0.34434032716763,0.3563396734104046,0.36979839826589594,0.38712725202312137,0.4045806930635838,0.4206029098265896,0.43683911329479763,0.4491026710982659,0.4585739994219653,0.4655215722543352,0.4699968549132948,0.4710787317919075,0.47022769653179186,0.46910425549132945,0.4709424196531792,0.47041243699421964,0.4730881300578034,0.47815906069364167,0.4873676167630057,0.4982087959537573,0.5041207294797688,0.509285496531792,0.5115219127167631,0.5102391826589596,0.5106984063583815,0.5070760595375723,0.5026288774566474,0.4974704462427746,0.4989915352601156,0.49781003699421966,0.5008645543352601,0.5000945433526012,0.4967700936416185,0.4857942526011561,0.47050756589595377,0.4446177734104046,0.4105290352601156,0.36438210173410407
X2_sample7,sample7,X2,39.66,0.23436144610389611,0.2497724733766234,0.2604823896103896,0.27101871818181816,0.26380835454545454,0.25710815389610386,0.25525122402597406,0.2432024558441558,0.2462073266233766,0.23988902207792207,0.24587147402597404,0.24540101948051946,0.2552537935064935,0.254514474025974,0.24894615454545452,0.2518137701298701,0.25246484935064933,0.25849356038961036,0.25942839285714286,0.2476363422077922,0.2592344720779221,0.24694615714285714,0.24948679935064935,0.24970209545454544,0.24706618636363636,0.25231552272727276,0.2455282948051948,0.2517563577922078,0.2500949922077922,0.2535249779220779,0.2504346733766234,0.2587220694805195,0.250432787012987,0.25753009415584416,0.2633891785714286,0.2618998324675325,0.2647064616883117,0.27256550584415584,0.26895346428571426,0.2595690844155844,0.2634059935064935,0.26244667402597405,0.2704486272727273,0.27051487337662333,0.27276666883116885,0.2784469837662338,0.27763999675324674,0.2757545824675325,0.2726038818181818,0.27646767857142857,0.27718400194805193,0.2739126642857143,0.27269362532467534,0.27311782272727275,0.27063681623376623,0.2744242961038961,0.27210924090909094,0.2729865922077922,0.2726936025974026,0.27013566233766234,0.2713009681818182,0.2709599746753247,0.26963656038961037,0.2670332805194805,0.2659723733766234,0.26585567142857147,0.2652913207792208,0.26630835454545454,0.26571618116883117,0.2673679805194805,0.27233206428571427,0.278637424025974,0.28381913571428574,0.2918702694805195,0.2972223363636364,0.3006352974025974,0.30339837597402597,0.30543103636363633,0.3082712448051948,0.3111545694805195,0.3127048448051948,0.31727202467532467,0.3266699155844156,0.3361483961038961,0.345907387012987,0.3521124103896104,0.3567515668831169,0.3635788077922078,0.3719235987012987,0.3805136409090909,0.3921515331168831,0.4036342519480519,0.41367733506493504,0.4238176025974026,0.4305212538961039,0.43538889610389614,0.43899775,0.4410220227272727,0.44105106558441554,0.43895963506493507,0.43746564805194804,0.4385161727272727,0.43748111623376623,0.438701035064935,0.4415765012987013,0.44754027922077927,0.4546156084415584,0.4577924811688312,0.46074570779220786,0.4617645688311688,0.45983775000000005,0.4595052967532467,0.45565451038961036,0.45125221298701296,0.44627932532467535,0.4468191285714286,0.4450071149350649,0.4467573701298701,0.44524937857142854,0.4416387948051948,0.4312651331168831,0.41641924610389613,0.39138308896103896,0.3580057896103896,0.3136672616883117
X2_sample8,sample8,X2,59.3,0.20402317234042552,0.21890582836879433,0.22903744609929078,0.23950244184397165,0.23161945602836878,0.2237917794326241,0.22088799929078012,0.20836337517730497,0.21108405886524823,0.20436601773049645,0.20994685460992907,0.2092375035460993,0.21875207092198581,0.21796206879432625,0.2124434815602837,0.21513251134751774,0.21570813120567375,0.22158169716312057,0.22249234326241135,0.21089633191489363,0.222492,0.21070170992907802,0.21357008723404255,0.213993104964539,0.2115037659574468,0.21675514609929078,0.21015801773049644,0.21639513191489362,0.21489286879432626,0.2185234085106383,0.21585028581560284,0.22478940141843973,0.21782662624113475,0.22704728226950358,0.23411237375886526,0.23401743829787233,0.23921463546099292,0.24800414609929078,0.2421984609929078,0.22992303900709218,0.2321366255319149,0.23043754326241134,0.23787575319148938,0.2371495368794326,0.23820590780141843,0.24158949787234044,0.23920445886524824,0.23623158014184395,0.23286861134751774,0.23678332695035462,0.23804988581560285,0.23532067234042556,0.2344938985815603,0.23530986312056734,0.23352113971631205,0.23801947304964538,0.23658441418439718,0.23821026099290782,0.2383830815602837,0.23661126028368795,0.23857269574468087,0.2390998609929078,0.23879865035460993,0.2371683241134752,0.2368006390070922,0.23698587730496454,0.23637063120567378,0.23701831134751772,0.23599634539007092,0.23727398014184398,0.2418163390070922,0.24779507021276592,0.25247504680851063,0.2596583560283688,0.26448897659574466,0.26807186170212766,0.27128378085106386,0.2735394234042553,0.27654300567375883,0.27924600921985815,0.27971656312056736,0.2824131127659575,0.2895054205673759,0.29676312127659576,0.3047107368794326,0.3093465787234042,0.31256976382978724,0.3179217595744681,0.32484209078014187,0.33207153049645394,0.3423195326241135,0.3525730595744681,0.3616499489361702,0.37131167517730496,0.3783802460992908,0.3847967680851064,0.39109801914893616,0.3969924127659574,0.4006714936170213,0.4016944893617021,0.4022036574468085,0.40498110283687944,0.40530456241134755,0.4080943,0.4123789631205674,0.41977710921985817,0.4277283163120567,0.4311632808510638,0.4343189524822695,0.4359451,0.4354732595744681,0.4372349872340425,0.43642431985815605,0.4351689127659574,0.43266198723404253,0.436874924822695,0.4389279503546099,0.4458121375886525,0.4479417510638298,0.44701522411347516,0.4376171567375886,0.4247609617021277,0.40173095035460993,0.3693317787234042,0.32370479574468086
X2_sample9,sample9,X2,49.91,0.18017758309859155,0.1953971204225352,0.20572716338028169,0.21621161549295775,0.20864624436619716,0.20096555422535212,0.19809734154929576,0.1853412309859155,0.1880637281690141,0.18139753309859155,0.1870817929577465,0.1862974028169014,0.19585228098591548,0.19523661408450704,0.1896058577464789,0.19262619154929578,0.19341619507042254,0.1995004809859155,0.20053112535211268,0.18895750704225353,0.20066682605633804,0.18853629718309858,0.19123238591549296,0.1913737809859155,0.18860996197183097,0.19364235492957746,0.18676143309859156,0.1928152746478873,0.19103266056338028,0.19448802323943662,0.19161171056338028,0.20047572112676054,0.1931153556338028,0.20190044154929576,0.20884610985915494,0.20857490915492957,0.21328778309859156,0.22207423732394366,0.2170605823943662,0.20576719154929576,0.20870106267605631,0.20734784788732394,0.21503515070422535,0.21458798028169015,0.21606487605633803,0.22019764647887324,0.2181853457746479,0.21532301338028167,0.21173778450704225,0.21554326056338027,0.21639944929577465,0.21326238169014083,0.2120969690140845,0.21274430985915493,0.21078335915492957,0.21514057887323942,0.213507276056338,0.2149835309859155,0.21510816830985915,0.21315338169014084,0.21484616901408451,0.21500794577464788,0.21422765352112677,0.21206999577464788,0.2113546838028169,0.2113319971830986,0.2106116985915493,0.21126611126760564,0.21028422535211266,0.21164022605633803,0.21633995070422535,0.22254475915492958,0.2275764042253521,0.23528093239436618,0.24031841408450705,0.24372184014084508,0.24655279647887327,0.24858010281690143,0.25144475,0.25424528591549295,0.2553011056338028,0.2589772401408451,0.26737535211267605,0.27593861056338026,0.28499625845070425,0.29064875845070426,0.2948575964788732,0.3012897035211268,0.309268859859155,0.31756547746478875,0.32892503802816897,0.3401827929577465,0.3501054908450704,0.3603501485915493,0.3674817323943662,0.3733033274647887,0.3783701978873239,0.38257809507042256,0.38438112605633806,0.38421337394366195,0.38371441408450707,0.3857435218309859,0.38547629366197184,0.38759825915492957,0.391312461971831,0.39813113943661976,0.405722,0.40901517676056337,0.41201820211267604,0.41328013028169014,0.4120005838028169,0.41264096690140845,0.41017028098591546,0.407178023943662,0.4033631788732394,0.405573235915493,0.40568624084507043,0.410225223943662,0.4108627014084507,0.4084286443661972,0.3983877436619718,0.38415393943661974,0.3597592422535211,0.3264306091549296,0.28030529577464786
X3_sample1,sample1,X3,40.15,0.2984727789473684,0.256708547368421,0.2241273,0.19196461578947369,0.17386888947368423,0.1575197894736842,0.14756505789473684,0.14979885263157894,0.14064072631578947,0.14282173684210528,0.1354346157894737,0.13581235263157895,0.12760577894736844,0.12979472105263157,0.13573896315789474,0.1347355052631579,0.13573733684210526,0.13039885789473682,0.12950131052631578,0.13903011052631578,0.12715245263157895,0.1367631105263158,0.13324722105263156,0.1320646,0.1341700842105263,0.12995876315789473,0.1349652210526316,0.12958885263157893,0.13109837894736842,0.12832982631578949,0.1315301684210526,0.12499516315789473,0.13528405789473685,0.13465605789473684,0.13239564210526317,0.1373654894736842,0.14591279999999998,0.14432815263157894,0.14054796315789475,0.14317376842105264,0.1414126947368421,0.14826032105263157,0.14881087368421053,0.1553243105263158,0.15971833157894735,0.15790102105263157,0.15659047368421053,0.15474287894736843,0.1556852,0.15261246842105264,0.1505557894736842,0.1506099789473684,0.14843817894736844,0.14552166315789475,0.14740313157894738,0.14513495263157897,0.14869835789473684,0.14897746315789473,0.14888583684210524,0.14935973157894736,0.1465899947368421,0.14466815789473686,0.14443111578947368,0.1458847947368421,0.14681904210526317,0.14683317368421053,0.1471723947368421,0.1468841157894737,0.14947171578947369,0.1523341894736842,0.1549908210526316,0.15987515789473686,0.16869778947368422,0.17477776842105264,0.1810148842105263,0.18590566315789472,0.18803187368421054,0.18838037894736842,0.18754739473684212,0.18688731578947368,0.18817222631578948,0.1884902947368421,0.18835421052631576,0.19067276315789475,0.1938236947368421,0.1984935789473684,0.20543766842105263,0.21405780526315793,0.22567318947368423,0.24137765263157895,0.25781565263157896,0.2751664947368421,0.29271452105263157,0.30803251052631575,0.3228152052631579,0.33352963684210524,0.3386089526315789,0.3399355789473684,0.34051894736842103,0.34170356842105265,0.34243945789473684,0.3411142315789474,0.34340066315789475,0.34630095789473686,0.3523562210526316,0.36072177894736845,0.36994016315789474,0.3800417263157895,0.38572306315789473,0.3893387842105263,0.3916062736842105,0.3893395052631579,0.3864132684210526,0.3824478210526316,0.380339252631579,0.3755840789473684,0.37683012631578944,0.3783608210526316,0.38018215263157895,0.37778576315789475,0.37791136842105266,0.38167553157894735,0.39269890526315787,0.4072340157894737,0.43171805789473683
X3_sample2,sample2,X3,39.93,0.32598829230769233,0.28750856153846155,0.2578005461538461,0.22853426923076922,0.21305220000000002,0.19767965384615385,0.18826305384615383,0.1916935076923077,0.1827085,0.18559286153846152,0.17857122307692308,0.17972728461538462,0.1713065153846154,0.17335253076923077,0.17898230769230766,0.17653627692307694,0.17613196153846153,0.16918176153846154,0.16738634615384618,0.17667970000000002,0.1638625,0.17390436153846153,0.17017500769230767,0.16905612307692308,0.17142516923076923,0.1671466923076923,0.17243986923076923,0.16661205384615385,0.16802702307692308,0.16488334615384614,0.1679933923076923,0.1606529846153846,0.1708395,0.16912964615384615,0.16607873076923077,0.17053534615384616,0.17768276153846155,0.17507250000000002,0.17165625384615385,0.17432353076923077,0.17083362307692307,0.17588864615384617,0.17420276153846154,0.17920206153846155,0.18248152307692309,0.18096501538461537,0.18256436923076924,0.18524906923076923,0.19061826923076924,0.1895341692307692,0.18991548461538463,0.19218394615384612,0.19057856153846153,0.18647136153846156,0.18643823076923077,0.18162445384615383,0.1830722153846154,0.18186612307692307,0.18048554615384615,0.18003711538461536,0.1763241076923077,0.17344537692307693,0.17230313076923076,0.1733199076923077,0.1736326769230769,0.17328718461538462,0.1736191769230769,0.17351606153846152,0.17631256923076924,0.17931956153846154,0.18204126923076924,0.18689316923076923,0.19563444615384615,0.20145626923076923,0.2074144076923077,0.21237922307692306,0.21479104615384617,0.21627752307692308,0.21796056153846152,0.22196782307692306,0.2312002846153846,0.24232726923076922,0.25476873076923073,0.26874332307692306,0.27997295384615384,0.2894275076923077,0.29686746923076923,0.30130358461538465,0.3053496769230769,0.3108796615384615,0.3151521153846154,0.3195758230769231,0.3233829538461539,0.3250818923076923,0.3270549384615385,0.32781430769230774,0.3276509615384615,0.3269908384615385,0.3273020153846154,0.3287345230769231,0.3294391461538462,0.32823025384615384,0.32964646923076923,0.33034048461538457,0.3319941076923077,0.33355756153846156,0.33445692307692304,0.3364362384615385,0.33648093076923075,0.3363334307692308,0.3374113846153846,0.3356957461538462,0.3346027,0.3333606,0.3338627538461539,0.33145150769230775,0.33547258461538465,0.3406070692307692,0.34518634615384614,0.3453391769230769,0.3473978692307692,0.35228989230769236,0.3638645153846154,0.3791166,0.40230299999999997
X3_sample3,sample3,X3,59.66,0.37225343125,0.3278288,0.29378983125,0.26028629375,0.24229836875,0.2243015875,0.2129939875,0.2160195875,0.20590973125,0.20855913125,0.20022363125,0.20067939375,0.19129953125000002,0.1931979,0.199699575,0.19765803125,0.19806189375,0.191359225,0.1899348625,0.20051278125,0.1870673625,0.1983410125,0.19471910625,0.19366018125,0.1963874875,0.19171179375,0.19771265,0.19166246875,0.19350905000000002,0.1904411125,0.19438750625,0.18721483125,0.19978360625,0.19992148125,0.1978824125,0.2040384,0.21469122499999999,0.21261555625,0.20682018125,0.207906675,0.2037707,0.2099827375,0.2089567625,0.21482285625,0.2176782875,0.21392799375,0.21152708125,0.20973086875,0.21141635,0.208320575,0.2069104625,0.20782295625,0.20576455,0.20245665625,0.2043721875,0.2014972875,0.2052264,0.20536145,0.2050399,0.2055248875,0.202638425,0.2010891,0.2012288875,0.2034095375,0.20467483125,0.20461951875,0.2047693875,0.2040099125,0.20649628125,0.20882750625,0.21084606250000001,0.2151597,0.22357279375,0.22844940625000001,0.23387145,0.23907924375,0.24154338125,0.2420875875,0.2414789125,0.24099951875,0.24221496875,0.241801175,0.2406604,0.24144613125,0.24295223125,0.245871525,0.25076439375,0.25678925625,0.26549032499999997,0.2782173625,0.29149765625,0.30574235625,0.32044140625,0.33325728125,0.34643016875,0.3566679375,0.36283386875,0.36621109375,0.3692479875,0.37278144375,0.3746449,0.37419291875,0.3774530375,0.38085700625,0.38729135,0.3956425625,0.40416191875,0.41334624999999997,0.4182353625,0.4217662875,0.42485198125,0.42444759375,0.42407736875,0.422895225,0.424033675,0.42172835625,0.42728623125,0.43339039375,0.43870601875,0.4385971875,0.44079485,0.44607416875,0.45917966875,0.47547564375,0.50090858125
X3_sample4,sample4,X3,60.03,0.31262117272727274,0.27340181818181813,0.24312463636363635,0.21293162727272727,0.1967091818181818,0.18085801818181818,0.17094274545454546,0.1738182090909091,0.1647792909090909,0.1672895363636364,0.16024284545454545,0.1612324181818182,0.1530925090909091,0.15501761818181817,0.1606534909090909,0.15831936363636365,0.15794836363636364,0.15140095454545455,0.1496869909090909,0.15870805454545456,0.14646713636363637,0.15650943636363637,0.15335223636363637,0.15234062727272726,0.15494075454545453,0.15076913636363634,0.15617283636363635,0.15060739090909092,0.1520833909090909,0.14931807272727274,0.1527144727272727,0.14625140909090908,0.15756585454545455,0.15806042727272726,0.15647021818181817,0.16208387272727273,0.17218312727272728,0.17039744545454547,0.16476266363636363,0.16509458181818182,0.1606127,0.16557319090909092,0.1640380818181818,0.16877090909090908,0.1710347909090909,0.16800632727272727,0.16806709090909092,0.16952356363636364,0.17443708181818182,0.17332396363636363,0.17346361818181819,0.17500625454545454,0.1729565090909091,0.16876948181818183,0.16903327272727273,0.16488869090909092,0.16699745454545456,0.16634757272727274,0.16536099090909093,0.16537374545454545,0.1623981,0.16055635454545455,0.16051247272727273,0.16226861818181817,0.16345142727272727,0.16346879090909092,0.1638072090909091,0.16346375454545453,0.16601359090909093,0.16871712727272728,0.17115726363636363,0.17571396363636363,0.1839475090909091,0.18881326363636364,0.19404096363636364,0.19925918181818184,0.2021496090909091,0.20392692727272727,0.20544952727272728,0.20830629090909092,0.2149404727272727,0.22217696363636363,0.2299959,0.23926917272727274,0.24655511818181816,0.25292061818181816,0.2579842363636364,0.2606909363636363,0.26326763636363637,0.26740172727272726,0.2705124818181818,0.2738775090909091,0.2771086181818182,0.2787795818181818,0.2816044090909091,0.2842422636363637,0.28686874545454544,0.28953680909090906,0.2932934272727273,0.29758513636363637,0.2998695363636364,0.3001474818181818,0.30311193636363637,0.30524066363636365,0.3086144181818182,0.31227897272727273,0.315127,0.3183601181818182,0.31935558181818186,0.3204802181818182,0.32326974545454545,0.3240861,0.32588791818181817,0.3275567909090909,0.33089935454545455,0.33153303636363635,0.33941269090909093,0.3482865,0.3560208181818182,0.35805309090909093,0.3614071272727273,0.3679649909090909,0.3816248909090909,0.39828051818181814,0.42221705454545455
X3_sample5,sample5,X3,50.15,0.2973522,0.25874773,0.22885119999999998,0.1993602,0.18324990000000002,0.16790066,0.15861496,0.16138717,0.15251487,0.15504027,0.14835167999999999,0.14929472,0.14156474000000002,0.14345729999999998,0.14865857,0.14656899,0.14628878,0.13980412,0.13824486,0.1469851,0.13508446000000002,0.1447032,0.14150083,0.14059212999999998,0.14305745,0.13906463,0.14416342,0.13872811000000002,0.14004242,0.13720194000000002,0.14029251,0.13378251000000002,0.14408768,0.14387736,0.14176360000000002,0.14680891000000001,0.15566514,0.15377102,0.14893320999999998,0.14997557,0.14604282,0.15104968000000002,0.1496901,0.15459362,0.15734294,0.15513788,0.15586289,0.15776945,0.16266402,0.16176227999999998,0.16230184,0.16465144,0.16315532,0.15937099,0.15961092,0.15548062,0.15731259,0.15653877,0.15549516000000002,0.15531519,0.1521078,0.14976154,0.1492212,0.15053385,0.15130324,0.15119062,0.1515283,0.15133004,0.15397069000000002,0.15689429,0.15961676,0.16448833999999998,0.17306141,0.17862393999999998,0.18435911,0.18954301999999998,0.19231705999999998,0.19407707999999999,0.19593283,0.19979613000000002,0.20813226,0.21765618999999997,0.2281301,0.24012535000000002,0.24986009,0.25822734,0.26491242000000004,0.26893072,0.27262276,0.27771405,0.28164966,0.28574913999999996,0.28944016,0.2912546,0.29370829,0.29551883,0.29678624,0.29784164999999996,0.30006209,0.30298769000000003,0.30452299,0.30415627,0.30636093999999997,0.30779245,0.31033656,0.31301689,0.3149782,0.31757401,0.31804074,0.318534,0.32047871,0.32029069,0.32083362,0.32109938000000005,0.32330681,0.32272715,0.32904422,0.33651628,0.34301062,0.34426288,0.34695104,0.35302519,0.36618571,0.38226645000000004,0.40572157000000003
X3_sample6,sample6,X3,49.88999999999999,0.3933846363636364,0.34853839090909094,0.3145703090909091,0.2811889363636364,0.2630250090909091,0.2441377,0.23239553636363636,0.2356739272727273,0.22509816363636362,0.22786074545454546,0.21940734545454543,0.21995852727272727,0.21029132727272729,0.21249173636363636,0.21913213636363638,0.21730461818181815,0.2178795909090909,0.2112560181818182,0.20990831818181818,0.2208135090909091,0.20691902727272726,0.21825630000000001,0.21427224545454546,0.21312831818181818,0.21571985454545456,0.2108346909090909,0.21685305454545453,0.2104645909090909,0.21227873636363637,0.2091399,0.21289658181818183,0.2052899181818182,0.21751449999999997,0.21687484545454547,0.21434654545454546,0.22013573636363637,0.23013154545454545,0.22799529999999998,0.2229141181818182,0.2249787909090909,0.22169573636363638,0.22869365454545454,0.22835197272727273,0.2349965181818182,0.2389433090909091,0.23599103636363636,0.23430289999999998,0.23256612727272727,0.2342688181818182,0.2309710090909091,0.22916194545454546,0.229786,0.22754371818181818,0.22406924545454546,0.2260029818181818,0.22299841818181818,0.22667634545454546,0.2266857,0.22620081818181817,0.22648605454545453,0.22326168181818182,0.22113612727272727,0.22096659090909093,0.22272203636363636,0.22365861818181818,0.22350826363636364,0.22365574545454547,0.22300315454545452,0.2256871090909091,0.22839431818181818,0.23083827272727273,0.23571678181818181,0.24493213636363634,0.25086206363636365,0.25720484545454547,0.26272490000000004,0.2653709818181818,0.26599635454545456,0.26534888181818184,0.2648812545454545,0.2663982272727273,0.26645287272727275,0.26584344545454547,0.26754136363636366,0.26996156363636364,0.2739699727272727,0.2802254727272727,0.2878719454545454,0.2984913181818182,0.31344463636363634,0.32898502727272727,0.3454802727272727,0.36224207272727277,0.37668879090909085,0.39108055454545454,0.4017345636363636,0.4071907181818182,0.4093148,0.41094972727272727,0.413220790909091,0.414375290909091,0.4131711090909091,0.4159208454545455,0.4189848909090909,0.4254275272727273,0.43401732727272724,0.44304937272727274,0.4531648636363636,0.45859564545454545,0.46228149090909093,0.46519180909090907,0.4637489,0.4620858636363636,0.45977080000000004,0.45958672727272726,0.45579959999999997,0.4597012909090909,0.46391770909090907,0.4679193272727273,0.46668922727272727,0.46804803636363634,0.4726036181818181,0.4844525181818182,0.4990509818181818,0.5232730272727273
X3_sample7,sample7,X3,39.66,0.21561669166666667,0.176643425,0.14532943333333334,0.11425650833333334,0.09597540166666667,0.08079593,0.0718379525,0.07250859916666667,0.06440695666666667,0.06561559083333333,0.05944812416666667,0.05985071416666667,0.05324773583333334,0.05511736666666667,0.059738563333333335,0.0586030925,0.0589966425,0.05406775333333333,0.05307777833333333,0.06059438166666667,0.05067345166666667,0.05856329083333334,0.05565146583333333,0.054660435,0.05662771083333334,0.05327893916666667,0.0573636425,0.052873775000000005,0.053994469999999996,0.051652695,0.05427170666666667,0.04882325666666667,0.05739652,0.057175879166666665,0.055481134999999994,0.059779317500000005,0.0675563725,0.06650653999999999,0.06272511083333333,0.06411234916666667,0.062066301666666664,0.06747941166666667,0.067815485,0.0732631275,0.07714809083333334,0.0759629025,0.07600406583333334,0.07619345583333333,0.07861232916666668,0.0771322125,0.07675020666666667,0.07750570583333334,0.07579451166666666,0.07270912916666666,0.07338704833333333,0.0705592625,0.07273423333333333,0.07247760916666666,0.071846845,0.07174109083333334,0.0689646975,0.06678181916666666,0.06609168,0.06708467916666667,0.06766137,0.06760676666666667,0.06791565000000001,0.06787901166666667,0.07030271916666667,0.07331863666666667,0.07635639916666667,0.08159403,0.09034225166666666,0.09686644750000001,0.10327979999999999,0.10836479166666667,0.11094490833333333,0.11228367499999999,0.11322093333333333,0.11524367499999999,0.12069526666666668,0.12694485833333333,0.13396338333333332,0.14308221666666668,0.15121648333333335,0.15886488333333335,0.16632911666666667,0.1732262,0.1813718,0.1922606166666667,0.20341680833333334,0.21525275,0.22711434166666666,0.23694636666666666,0.24641386666666668,0.2531282166666667,0.2561789,0.2570096,0.257615825,0.25878233333333334,0.25935955,0.25828263333333334,0.2600680083333333,0.2620691333333333,0.2663955,0.27236270833333337,0.27867990833333334,0.2854702083333333,0.2889261416666667,0.2910837416666667,0.29263389166666665,0.29068455833333334,0.28832810833333333,0.285287525,0.28382824166666665,0.2804679083333333,0.2827692666666667,0.28617305,0.28913595833333333,0.28799688333333334,0.288466675,0.29208649166666667,0.3025405583333333,0.3168787,0.3394030666666667
X3_sample8,sample8,X3,59.3,0.41597825454545456,0.3722053454545455,0.33947374545454545,0.3071378818181818,0.2905347545454546,0.27228871818181816,0.26059699999999997,0.26484636363636366,0.25426387272727274,0.25776190909090907,0.2490175,0.2497889909090909,0.2397260090909091,0.24161806363636362,0.2482951909090909,0.2456812090909091,0.24557376363636363,0.23763446363636362,0.23570607272727273,0.24704965454545455,0.23225874545454547,0.24450555454545456,0.24048663636363637,0.23951427272727271,0.24249453636363635,0.23744274545454544,0.2440713818181818,0.23744276363636363,0.23937818181818182,0.23604436363636364,0.24028719090909093,0.23221774545454546,0.24539357272727272,0.24482156363636365,0.2421443181818182,0.2482880909090909,0.2587019909090909,0.25596189090909094,0.24998862727272728,0.2513340727272727,0.24629940909090908,0.2520510454545455,0.24996842727272728,0.25552714545454547,0.2578457818181818,0.2538323090909091,0.2524874818181818,0.2525166,0.25582482727272726,0.2532374909090909,0.2529884909090909,0.25509345454545457,0.2534042090909091,0.24979360909090909,0.25127594545454546,0.2473643090909091,0.2506497909090909,0.2502836727272727,0.24960409090909091,0.24992330000000001,0.24663094545454545,0.24477561818181817,0.24481665454545454,0.24695701818181817,0.24813573636363637,0.24800869090909092,0.24818387272727271,0.24744633636363636,0.2501626090909091,0.25259686363636363,0.25458102727272724,0.2588237272727273,0.2674263272727273,0.2721573,0.27747575454545453,0.2827914454545455,0.2854659,0.28653866363636366,0.2868965636363636,0.28807293636363634,0.2929422,0.29669521818181815,0.3002154090909091,0.30599927272727273,0.31088205454545453,0.31609557272727273,0.3214512636363636,0.3257310909090909,0.33105809090909094,0.33939766363636364,0.34751906363636365,0.3564307,0.3658102090909091,0.37341314545454546,0.3821964090909091,0.38933212727272726,0.39411257272727274,0.3973541272727273,0.40105369090909093,0.4053443727272727,0.4075994727272727,0.4074371272727273,0.41086009090909087,0.41381709090909086,0.4192075909090909,0.4257717818181818,0.4319335,0.43899510909090905,0.44228155454545454,0.4448914181818182,0.4481335272727273,0.4482508090909091,0.4489326363636364,0.4491098272727273,0.45161765454545455,0.4504797,0.45774119090909093,0.46557980909090907,0.47255631818181815,0.47333310909090914,0.47628193636363636,0.4826949818181818,0.49659176363636365,0.5128460363636363,0.5376587181818182
X3_sample9,sample9,X3,49.910000000000004,0.44915571428571427,0.40391272142857143,0.3706173714285714,0.3380338857142857,0.32211927142857144,0.30352529285714286,0.2914540214285714,0.2971304642857143,0.2860733357142857,0.2901159428571428,0.2809649,0.28201229285714285,0.2710492285714286,0.2731545285714286,0.2806722214285714,0.2778068142857143,0.2776561357142857,0.26923099285714286,0.26728167142857145,0.2795938785714286,0.2634549,0.2766294642857143,0.27204207857142854,0.2708368214285714,0.2739752642857143,0.2683200357142857,0.2754725928571429,0.26816785,0.2701903428571429,0.2664595928571428,0.2708511571428572,0.2619265142857143,0.27556057142857143,0.27403957142857144,0.2706625142857143,0.27674309999999996,0.28655066428571424,0.2831941214285714,0.27818849285714287,0.2811071785714286,0.2764280642857143,0.28298574285714284,0.2807563642857143,0.28691537142857143,0.28998737142857145,0.28631084285714287,0.28582560714285715,0.2861728214285714,0.2899565857142857,0.28700204285714287,0.28647591428571434,0.28851625714285717,0.2867417642857143,0.28280175714285716,0.2843344214285714,0.27990150714285716,0.2832508857142857,0.2827443142857143,0.2819664571428571,0.28230485714285714,0.27864513571428573,0.2762119142857143,0.2759869857142857,0.2779661642857143,0.2789504571428571,0.27871522857142855,0.27894154285714284,0.27825489285714283,0.28123568571428575,0.28383457142857144,0.28591147142857143,0.29030735,0.2993495071428572,0.30443145,0.3101135357142857,0.31540379999999996,0.3178685428571429,0.3187951142857143,0.31903337142857147,0.32021818571428573,0.3257963142857143,0.3305477857142857,0.33509265714285713,0.3419271642857143,0.3476311642857143,0.35372783571428573,0.3600070714285714,0.3649881857142857,0.3709858928571429,0.38013852857142855,0.3888606857142857,0.39835915714285713,0.40831865,0.4161660714285714,0.4250190357142857,0.43161529285714284,0.4349684714285714,0.4364939357142857,0.4384942785714286,0.44138430714285715,0.4429460785714286,0.4419495714285714,0.44476895714285714,0.4471177571428572,0.45195051428571426,0.45785355714285714,0.4634673285714285,0.47063087857142855,0.47385639999999996,0.4762138071428571,0.47906905714285714,0.4780238571428571,0.47750557857142856,0.4764689071428571,0.4777398714285714,0.4749224642857143,0.48022417142857143,0.48578810714285714,0.49108119285714286,0.4907886785714286,0.4933725785714286,0.49924198571428574,0.5127081357142858,0.5288776214285714,0.5548501214285714
X4_sample1,sample1,X4,40.15,0.24331223425414367,0.21691659171270716,0.19533785635359116,0.17429074696132596,0.1590865232044199,0.1444074900552486,0.13488454861878454,0.13196562707182322,0.1257793187845304,0.12490810110497237,0.12088470110497238,0.12081910165745857,0.11744362596685083,0.11913873259668507,0.12232156132596685,0.12278680994475138,0.1238670546961326,0.1218587182320442,0.12160848729281767,0.12535781104972377,0.11965369723756906,0.12335670165745857,0.12142248287292817,0.12045214640883978,0.12144240331491712,0.11997936740331491,0.12200022099447513,0.12005298618784531,0.12109576519337016,0.12039484696132598,0.12221386795580111,0.11986445745856353,0.1252022508287293,0.1268513685082873,0.12656237513812155,0.12958757955801106,0.13624329005524863,0.1367311779005525,0.13270358397790055,0.13170529613259668,0.13130361270718233,0.13579169834254143,0.13854251215469612,0.14377694309392267,0.1479837773480663,0.14831249834254143,0.14746617237569062,0.14576916740331491,0.14593485359116024,0.14498206243093922,0.14431319447513813,0.14388521546961325,0.14238263038674032,0.14113417182320442,0.1423642596685083,0.14212021933701657,0.14440129668508286,0.14501872265193372,0.1447142961325967,0.14413914254143645,0.14183123701657457,0.13977816961325967,0.13855090331491712,0.13849527348066298,0.13825635635359115,0.13761000718232044,0.13713537624309394,0.13663888397790055,0.1379901187845304,0.1404549629834254,0.14359534751381214,0.14883089281767956,0.15667127348066298,0.1635764232044199,0.16999650110497236,0.1749014784530387,0.17761003149171273,0.17898601160220995,0.17929265635359115,0.17945029226519335,0.18053876464088398,0.18147749889502762,0.1826355491712707,0.18601879944751382,0.19042651878453037,0.19561815138121547,0.20258623259668507,0.21198209723756906,0.2244612729281768,0.24028247182320445,0.25748708453038677,0.2752352856353591,0.29252544861878454,0.30796255635359115,0.3216960497237569,0.33144065082872926,0.3362641591160221,0.3376117950276243,0.33778740331491713,0.33783068784530385,0.3376338,0.33666904640883977,0.33768730110497236,0.34014014861878455,0.34554314475138126,0.35372975414364644,0.36295760000000005,0.37148747292817674,0.3765681082872928,0.3792246099447514,0.3800761773480663,0.3777413784530387,0.37400898397790056,0.36936015580110493,0.3657818419889503,0.36235560276243095,0.3623370972375691,0.36358926740331493,0.36432268618784525,0.3614271364640884,0.35943849834254143,0.35933495580110497,0.3625433165745856,0.3662625149171271,0.3729023292817679
X4_sample2,sample2,X4,39.93,0.2695389960526316,0.24862175131578948,0.2312992480263158,0.2141843618421053,0.20195239934210527,0.18970748684210526,0.1816817394736842,0.17895921381578947,0.17381219342105264,0.17299578157894735,0.17003362368421052,0.1704749125,0.16793884736842105,0.168941575,0.17095225263157893,0.17028132894736842,0.17005617236842105,0.16732844539473685,0.16629191710526314,0.1686824730263158,0.16347789276315788,0.16625104999999998,0.16439423947368423,0.16341353486842106,0.16415895197368421,0.16289717565789474,0.1643014894736842,0.1624054375,0.16302265789473686,0.16224888684210526,0.16364614342105263,0.16158306184210525,0.1658039125,0.16708859868421053,0.1668228802631579,0.16928855065789475,0.17453667763157896,0.17475312960526315,0.17118116184210524,0.16958176907894737,0.16753740526315788,0.1697251960526316,0.17037569342105263,0.1732801657894737,0.17578335789473684,0.17648371315789474,0.17797602171052632,0.18018599210526318,0.18378273684210525,0.185275975,0.18678280986842105,0.1882817552631579,0.18752127171052632,0.1856440480263158,0.18508677368421053,0.1830278657894737,0.1833544355263158,0.1828826980263158,0.18190639013157894,0.18076915657894738,0.1781032144736842,0.17562490131578948,0.1738543657894737,0.17316862565789473,0.17243604473684213,0.17142302631578948,0.17080249144736842,0.17036678486842105,0.1714877236842105,0.1736719802631579,0.17665303552631578,0.18160593289473684,0.18880856842105265,0.19515140263157896,0.20078755657894737,0.20509477763157893,0.20761856315789473,0.2095273164473684,0.21209254671052633,0.21679882894736843,0.22506270263157896,0.23651212171052632,0.25075405,0.2660644710526316,0.27888966842105267,0.2885747842105263,0.29554322960526314,0.3006155519736842,0.3053530835526316,0.31072982763157897,0.31593672631578945,0.32091626842105264,0.3248525118421053,0.3271167447368421,0.3285062019736842,0.32901135,0.3290691065789474,0.32893804342105265,0.3291411467105263,0.3293993480263158,0.3292758092105263,0.32853940460526315,0.32873652039473683,0.32887094736842104,0.3298222289473684,0.3313385072368421,0.3324374592105263,0.3330557927631579,0.3326253651315789,0.3319568802631579,0.3315290467105263,0.3298816756578947,0.3280032256578947,0.32596607171052633,0.3247899480263158,0.3236270355263158,0.32612407697368423,0.33093305592105265,0.3342214388157895,0.3340350065789474,0.33350846710526316,0.3344382842105263,0.33821165263157893,0.34253809868421053,0.3472165717105263
X4_sample3,sample3,X4,59.660000000000004,0.3169883140939597,0.2907918422818792,0.2692182583892617,0.24826656174496645,0.23320205637583893,0.21794298657718122,0.20786866308724833,0.20457139731543625,0.19809966912751678,0.19687416107382552,0.19259311275167784,0.19235591744966443,0.18875188993288589,0.1900586489932886,0.19290255033557047,0.19274128053691275,0.19325986912751678,0.19066203154362418,0.1899979832214765,0.19355738053691277,0.18770132348993288,0.19164503825503357,0.18988508322147649,0.18903763355704697,0.19011024295302015,0.1886427100671141,0.19082825973154363,0.18887006174496646,0.19000640201342284,0.1894993791946309,0.19169890469798656,0.18981888053691276,0.19619639395973154,0.19946162483221477,0.19998763087248322,0.2039357765100671,0.21233306577181207,0.2129910389261745,0.20714655033557047,0.20365405838926173,0.20094678523489934,0.20423125234899328,0.20574749798657718,0.20965288255033557,0.21201696845637583,0.21063102818791948,0.20840896912751677,0.2063692053691275,0.20682071006711408,0.20620866241610739,0.20613724228187918,0.20641209865771812,0.20525973221476512,0.20407747919463087,0.20533289798657717,0.2051683986577181,0.2075488302013423,0.20835829731543626,0.2080589677852349,0.20757313087248322,0.205587022147651,0.20404496510067113,0.2033527610738255,0.20367487248322147,0.20362385167785235,0.20289155973154363,0.20202236510067115,0.2008642375838926,0.20171735302013422,0.20343396577181208,0.2058282677852349,0.2103430610738255,0.21725396174496642,0.22288386308724834,0.22831949530201345,0.23315135503355705,0.23605035973154362,0.23755167919463085,0.2381105711409396,0.23840315704697984,0.2391895436241611,0.23926086644295305,0.23939294765100672,0.24138050805369127,0.24426289530201345,0.24771342147651007,0.2525234463087248,0.2594000315436242,0.269104122818792,0.28195997046979865,0.29620440000000003,0.3110565436241611,0.3256804302013423,0.33898584093959727,0.35132515369127515,0.36090862483221475,0.3671363214765101,0.3709208275167785,0.37369644362416105,0.37594317382550335,0.37692301476510065,0.3769808751677852,0.37890560268456375,0.3818533369127517,0.3876058020134228,0.3958424798657718,0.40452739395973153,0.41204769127516777,0.41639290067114093,0.4190526724832215,0.4205099375838926,0.4201131214765101,0.41869816375838925,0.4167654731543624,0.41604393825503355,0.4151877590604027,0.4190040456375839,0.4247081691275168,0.42857575167785233,0.42817170738255034,0.42751351610738253,0.4284704140939597,0.4329498181208053,0.4376639026845638,0.44349459865771806
X4_sample4,sample4,X4,60.03,0.25423286708074533,0.23336078819875775,0.21576592173913045,0.19869080062111802,0.18587637204968943,0.17322146397515528,0.1647141304347826,0.16118140621118013,0.15594455403726706,0.15476157329192547,0.15192101677018632,0.15208597701863355,0.14990430683229813,0.15083071677018633,0.15243298074534162,0.1518978304347826,0.1517858155279503,0.14944926832298136,0.14866073229813664,0.1506578149068323,0.14647164844720495,0.14905890310559006,0.1479113894409938,0.14729680062111802,0.14808043602484472,0.14716337888198758,0.14836939813664596,0.14692280372670807,0.1474323142857143,0.14699601801242235,0.14846994099378882,0.14738194782608696,0.1523068838509317,0.15596950931677017,0.1571398795031056,0.16080639130434782,0.1687831192546584,0.170081851552795,0.16464038695652175,0.16056985217391304,0.15766212111801242,0.15977114720496893,0.1607660347826087,0.1634046459627329,0.16506220124223603,0.16433097391304347,0.1640725745341615,0.16503200310559005,0.16798219937888198,0.16954708136645963,0.17068059565217392,0.17132156956521738,0.17003193788819876,0.16801563788819876,0.16771515714285715,0.1665512447204969,0.16741303726708076,0.16760744658385093,0.16707929254658385,0.16642957639751552,0.16474410124223604,0.163424500621118,0.16273771801242237,0.16291854285714286,0.16293736335403727,0.1624415962732919,0.16185792298136648,0.1612054155279503,0.16202218819875777,0.1638407434782609,0.1665081906832298,0.17109136397515526,0.17760652173913044,0.18299018757763974,0.18787522608695653,0.19229143105590063,0.19523737453416148,0.1974142304347826,0.1998720093167702,0.20343650745341613,0.2090187888198758,0.21654724347826088,0.22604264099378885,0.23647985900621118,0.24526053788819877,0.25183348944099376,0.2565114795031056,0.25995010310559,0.2633174695652174,0.2673675472049689,0.27142458571428574,0.27541072857142856,0.27881775341614906,0.2812522093167702,0.2836538118012422,0.28618613291925465,0.2892398031055901,0.29267221863354037,0.2963529546583851,0.29943754347826085,0.3011351341614907,0.3020347204968944,0.30369107142857144,0.305383299378882,0.308110152173913,0.3117053534161491,0.314690201242236,0.31649231242236026,0.3170683925465838,0.31762867080745344,0.3189391310559006,0.3198302590062112,0.32069858757763975,0.3214656372670807,0.3231822925465838,0.3250536136645963,0.3308977447204969,0.3392502645962733,0.3455001919254658,0.34696090807453417,0.34751458757763976,0.3499753291925466,0.35531214720496895,0.3604361105590062,0.36474522298136647
X4_sample5,sample5,X4,50.15,0.2405894207792208,0.21970851363636362,0.20217772012987012,0.18531767142857142,0.17259740584415584,0.16021270974025975,0.15196597272727272,0.14872315324675325,0.14360861363636365,0.14251500714285714,0.13983855584415583,0.14012494415584417,0.13805489350649353,0.13909374415584413,0.14075454935064935,0.14024343246753246,0.14013354285714286,0.1378075538961039,0.13689043311688312,0.1388195720779221,0.13457677077922078,0.1369160935064935,0.1355755461038961,0.13485337987012988,0.13554050974025975,0.1346034331168831,0.1357328974025974,0.1342151525974026,0.13467578961038962,0.13416102597402596,0.13543302012987013,0.13412335649350648,0.13850960974025975,0.14136712597402595,0.1420451448051948,0.1451893,0.15219423506493507,0.15323742792207792,0.1484980935064935,0.14530615714285713,0.1429658461038961,0.14513455324675323,0.14619108701298703,0.14905684935064936,0.15116907142857142,0.1511288961038961,0.15158503506493506,0.15294744805194804,0.15594881623376622,0.15749956883116883,0.1590721474025974,0.16038369805194805,0.15961141883116883,0.15786578246753247,0.15748385454545455,0.15611939155844157,0.15674061493506494,0.15670812792207792,0.1560875344155844,0.1552799487012987,0.1532629207792208,0.15147677467532467,0.1503587448051948,0.15023232727272726,0.15002227272727273,0.14946813636363637,0.1490115987012987,0.1486844714285714,0.14975856103896104,0.15197346363636363,0.1550818909090909,0.16015280519480518,0.16726591233766233,0.17341762597402596,0.17887955584415582,0.18336312207792207,0.18621801428571427,0.1883556961038961,0.19105602142857142,0.19557182987012986,0.2028726857142857,0.2126362344155844,0.22468644805194804,0.2377120201298701,0.24877631233766234,0.2571844064935065,0.2632881922077922,0.26782777532467533,0.2721121461038961,0.2770064538961039,0.28183995324675326,0.28649354935064936,0.29032123506493507,0.29280118896103896,0.29479692532467533,0.29645582987012986,0.29817757597402594,0.3000579077922078,0.30223937142857144,0.3041165707792208,0.30502749675324675,0.30530404285714285,0.30638631818181816,0.3074818896103896,0.30946504025974025,0.3122003798701299,0.314424637012987,0.31568775844155844,0.3158432123376623,0.3158970064935065,0.31643004740259745,0.31631792402597403,0.3160418071428571,0.31561666753246753,0.3160602961038961,0.3166300331168831,0.3212393668831169,0.3282951162337662,0.3333854675324675,0.3341336116883117,0.33410566558441557,0.33610567532467533,0.34116510454545457,0.34594131818181817,0.3501671038961039
X4_sample6,sample6,X4,49.89,0.33446573355704695,0.3089372979865772,0.2878721322147651,0.26751622080536913,0.2524162067114094,0.2373239255033557,0.22702997919463086,0.22325673020134226,0.2169468288590604,0.21534480536912753,0.21127122684563757,0.21083845033557047,0.2077072476510067,0.20889587248322147,0.21149948187919462,0.21172067583892618,0.2124576697986577,0.21049549530201342,0.2101258369127517,0.21319879261744967,0.20795581677852348,0.21112337382550336,0.2093485,0.20828634832214765,0.20901076845637584,0.20755384496644297,0.20909770604026848,0.20721685570469797,0.20808347852348993,0.20754988389261744,0.20938834093959732,0.20768943959731542,0.21311462885906038,0.21597219463087247,0.21651528255033556,0.22012350268456377,0.2279619530201342,0.22899160268456378,0.2239798208053691,0.22118872281879196,0.2197200033557047,0.2233584436241611,0.22572553825503358,0.23011298187919466,0.23325685167785234,0.23267081208053692,0.2308146288590604,0.22847789932885906,0.22837569395973156,0.22758423825503357,0.2271139288590604,0.22679055637583892,0.22539429597315438,0.22435717315436243,0.22561300536912748,0.22584507315436242,0.2282629489932886,0.22927489530201342,0.22917764832214765,0.22874302348993286,0.22685728590604026,0.22521642147651008,0.224290277852349,0.2243369322147651,0.22411793154362414,0.22334686040268456,0.22250390738255033,0.2215037429530201,0.22235013624161076,0.22422344161073826,0.22695155838926176,0.23188023691275167,0.23927885771812082,0.24574169865771814,0.25172309194630876,0.25655511208053694,0.259347111409396,0.26072714630872484,0.26113218389261744,0.26131169932885906,0.2620834060402684,0.262547377852349,0.2632858241610738,0.26617606375838926,0.27016797919463087,0.2748117536912752,0.2810524651006711,0.2897716677852349,0.3016368053691275,0.3168244422818792,0.33358365167785237,0.3509143241610738,0.36777086375838924,0.3829992637583892,0.3966432899328859,0.4066883140939597,0.41246778389261746,0.4152235805369128,0.4167044550335571,0.4177435979865772,0.4180462697986577,0.4176277389261745,0.4190162771812081,0.42174258724832214,0.42747704362416106,0.43600237852348994,0.44530636979865773,0.4534790080536913,0.45833671208053695,0.4609986288590604,0.4620311832214765,0.4605793926174496,0.45779389932885906,0.45425139999999997,0.45182525100671145,0.4498324463087249,0.451633222147651,0.4553634845637584,0.4577402496644295,0.45609770335570465,0.45461408322147656,0.4548095986577181,0.45797074026845636,0.4613804194630873,0.46608293825503355
X4_sample7,sample7,X4,39.66,0.1669416865771812,0.14357377852348993,0.1237011879194631,0.10448350765100671,0.08970804751677852,0.07638329134228188,0.06747745060402684,0.06325912395973154,0.05804915322147651,0.056414579127516774,0.053564750604026844,0.053483821140939594,0.05135142691275168,0.05259825503355704,0.054418237516778524,0.05461037201342282,0.05511552322147651,0.05338732201342282,0.052956315771812076,0.05502749879194631,0.05102652456375839,0.0532090166442953,0.05176719865771812,0.050897546510067115,0.05156222610738255,0.05069386624161074,0.051709753087248324,0.05040398711409396,0.050941198053691274,0.0505721355704698,0.05180284295302014,0.050555068657718125,0.054406843825503357,0.05664846677852348,0.05705783214765101,0.059860538657718114,0.06603539067114093,0.06721736395973155,0.0633731487919463,0.0612907355033557,0.0604619055704698,0.0634889011409396,0.06571785362416106,0.06967838630872483,0.07295573013422818,0.07360826859060403,0.07352300731543623,0.07334187973154362,0.07457882288590603,0.07506258536912752,0.07555785986577182,0.07577151926174497,0.0747341868456376,0.07335091087248322,0.07360088442953021,0.07303288261744967,0.0742472565771812,0.07460557832214766,0.07423122919463088,0.07356230248322147,0.07158960161073825,0.06971707456375839,0.0684411332885906,0.06814177825503355,0.06781717523489933,0.0672407167114094,0.06679199926174498,0.0665231987919463,0.06762844161073826,0.06995793409395973,0.07322436369127516,0.07855762409395974,0.08611284140939597,0.09304475946308725,0.09919701845637584,0.10383061409395973,0.10651599597315436,0.10823345503355704,0.10991670201342281,0.11253610201342282,0.11723977651006712,0.12375576711409396,0.1321020932885906,0.14212032751677853,0.15144804630872483,0.15938392483221475,0.16666771275167785,0.17420917181208054,0.18313828993288592,0.19415638053691275,0.20623374362416108,0.21869980268456374,0.2306478087248322,0.24106057046979865,0.2500190610738255,0.2563265691275168,0.25962026174496644,0.2608694644295302,0.2613781798657718,0.26165056375838924,0.26156260067114095,0.26101930268456375,0.2618090302013423,0.2635147040268456,0.2673536093959732,0.2732530510067114,0.2797026208053691,0.2851546906040269,0.2881446046979866,0.2894777979865772,0.2897299127516778,0.2876638731543624,0.2844440322147651,0.2805216644295302,0.27747335838926174,0.27519693959731545,0.27591239530201345,0.2788935597315436,0.2806157543624161,0.2787814422818792,0.2769207986577181,0.2766433644295302,0.27938695704697986,0.28271924295302014,0.28701555973154363
X4_sample8,sample8,X4,59.29999999999999,0.3550997155844156,0.3313626318181818,0.31191580129870133,0.2930025798701299,0.2792030967532468,0.2649362363636364,0.25516024415584415,0.25191250519480524,0.2457314681818182,0.24445906558441557,0.24063927532467536,0.2406948318181818,0.23751099805194806,0.2387540720779221,0.24088623831168832,0.2404820603896104,0.2406276707792208,0.2378570194805195,0.23688608896103897,0.2397635766233766,0.23421449155844154,0.23753000194805196,0.23580305194805196,0.23491253116883115,0.23589002987012986,0.23460809610389613,0.23641839610389612,0.23463625324675325,0.23565775194805194,0.23521560064935065,0.23729009740259743,0.23559246623376626,0.24137937597402595,0.2445165396103896,0.2450901987012987,0.24870712402597403,0.2566958227272727,0.2573512311688312,0.2514315181818182,0.24747477987012984,0.24421212792207792,0.24670340519480521,0.2476422409090909,0.250761624025974,0.25250999545454544,0.25128066493506496,0.24987638376623375,0.24939959935064934,0.25098076753246756,0.25140617337662335,0.2523675590909091,0.2536024779220779,0.25288686753246753,0.251660362987013,0.25229485064935064,0.2516326376623376,0.253305088961039,0.25372592727272725,0.25320629350649354,0.2524581188311688,0.2503506655844156,0.24874695714285713,0.2478905266233766,0.24801142077922075,0.24784919025974025,0.24703584285714283,0.24615900714285716,0.2451551136363636,0.2459940461038961,0.24775900779220777,0.25027625584415586,0.25482599545454543,0.2616362987012987,0.2672883272727273,0.27259844675324674,0.277407887012987,0.2805206896103896,0.28240660844155846,0.2839992785714286,0.28617201363636363,0.2897901253246753,0.2940637376623377,0.2994059155844156,0.30632067857142853,0.3127739571428571,0.3182215168831169,0.3230863383116883,0.3280612623376623,0.33428941038961035,0.34251417662337663,0.35162541493506494,0.3611568448051948,0.37039865194805194,0.37862162857142856,0.38651849350649353,0.3930591162337662,0.39804874025974024,0.40193824805194805,0.4053714175324675,0.4081233201298701,0.40945879155844156,0.4099500532467532,0.41180996103896106,0.4142847090909091,0.4189750922077922,0.42555131493506493,0.43206391818181816,0.43737462532467536,0.44022460649350653,0.44212380714285715,0.4437371363636364,0.4440037084415585,0.44382613116883113,0.4433040168831169,0.4438372727272727,0.44449425974025975,0.44983377467532465,0.4573918538961039,0.46289841363636364,0.4635429487012987,0.46357435909090905,0.4657736662337662,0.4710260993506494,0.47604700454545457,0.4809695487012987
X4_sample9,sample9,X4,49.91,0.38632808013245035,0.361898959602649,0.3423630344370861,0.32327046622516553,0.3097888927152318,0.2953113483443709,0.2855681649006622,0.2831885145695364,0.2767933370860927,0.27602236953642384,0.2719611370860927,0.2721983178807947,0.268647080794702,0.26982600728476824,0.27265510397350995,0.27193095165562914,0.2721051721854305,0.26890786622516555,0.267827317218543,0.2712754562913907,0.2647669178807947,0.2686848536423841,0.2665804483443709,0.26561372913907283,0.26670635298013246,0.26507786092715235,0.26732105629139075,0.26510508741721855,0.2662524549668874,0.26557547350993377,0.26768797218543045,0.26525758609271527,0.2711970450331126,0.2732797198675497,0.27308650794701983,0.27639388079470195,0.2836099059602649,0.2836808145695364,0.2784837708609272,0.27595765827814567,0.2732690298013245,0.2764794026490066,0.27757648874172186,0.281357976821192,0.284025059602649,0.2834282576158941,0.2830339655629139,0.28307192317880797,0.28511331854304633,0.28536213245033115,0.28609176357615895,0.2872649668874172,0.2864345927152318,0.28478232251655633,0.28532215033112585,0.28411209801324505,0.28560171788079475,0.285684498013245,0.28491338940397354,0.28396973046357615,0.28133863509933776,0.2791260046357616,0.2778252,0.27771539668874173,0.2773057562913907,0.2763254125827815,0.27552316225165563,0.27465517284768215,0.2757689523178808,0.2778517947019868,0.2806029026490066,0.2854204536423841,0.29275329735099337,0.29890462251655625,0.30470205562913905,0.30958603708609267,0.31259221456953645,0.3144479185430463,0.31600227549668874,0.31831005364238407,0.3226400529801325,0.32793944172185435,0.33438271655629137,0.34239784569536424,0.34970226291390727,0.3560042483443709,0.3617390112582781,0.367432938410596,0.37434226490066225,0.3833355284768212,0.3930805556291391,0.40320515165562915,0.41296379470198674,0.4213746331125828,0.4291974264900662,0.43505457417218546,0.4386232814569537,0.44069559536423847,0.4423112582781457,0.44363750860927154,0.4440892390728477,0.44369874569536427,0.4449181013245034,0.4467286523178807,0.4507577086092715,0.4566259913907285,0.4626264198675497,0.46795294370860924,0.4707183245033113,0.47231482781456957,0.4733516556291391,0.4725238344370861,0.4711011894039735,0.4693673165562914,0.46865141986754966,0.46773375099337744,0.47125714039735106,0.476573163576159,0.4803263337748344,0.4800160503311259,0.4796174450331126,0.48109425894039737,0.4856056291390728,0.4901929417218543,0.49579716026490067
